lat_zone,lon_zone,bump_count,trips,avg_severity,road_quality_score,zone_id
12.9,77.624,1,1,9.794,41.03,RQZ001
12.9,77.625,1,1,9.891,40.545,RQZ002
12.9,77.639,2,1,9.8025,30.987499999999997,RQZ003
12.901,77.631,1,1,9.838,40.81,RQZ004
12.902,77.649,1,1,10.019,39.905,RQZ005
12.903,77.616,1,1,9.878,40.61,RQZ006
12.903,77.619,1,1,9.735,41.325,RQZ007
12.903,77.636,1,1,9.852,40.739999999999995,RQZ008
12.903,77.637,1,1,9.73,41.349999999999994,RQZ009
12.903,77.648,1,1,9.806,40.970000000000006,RQZ010
12.904,77.609,1,1,9.798,41.01,RQZ011
12.904,77.611,1,1,9.793,41.035000000000004,RQZ012
12.904,77.628,2,2,9.8335,30.832499999999996,RQZ013
12.904,77.63,1,1,9.72,41.4,RQZ014
12.904,77.645,1,1,9.842,40.79,RQZ015
12.905,77.608,1,1,9.852,40.739999999999995,RQZ016
12.905,77.619,1,1,9.577,42.115,RQZ017
12.905,77.629,1,1,9.827,40.865,RQZ018
12.905,77.645,1,1,9.733,41.334999999999994,RQZ019
12.906,77.607,1,1,9.903,40.485,RQZ020
12.906,77.631,1,1,9.755,41.224999999999994,RQZ021
12.906,77.647,1,1,9.87,40.650000000000006,RQZ022
12.907,77.612,1,1,9.767,41.165000000000006,RQZ023
12.907,77.614,1,1,9.675,41.625,RQZ024
12.907,77.615,1,1,9.747,41.265,RQZ025
12.907,77.624,2,2,9.7715,31.1425,RQZ026
12.907,77.629,1,1,9.715,41.425,RQZ027
12.907,77.63,1,1,9.772,41.14,RQZ028
12.907,77.631,1,1,9.7,41.5,RQZ029
12.907,77.634,1,1,9.652,41.74,RQZ030
12.907,77.65,1,1,9.869,40.655,RQZ031
12.908,77.6,1,1,9.885,40.575,RQZ032
12.908,77.617,2,2,9.921,30.395000000000003,RQZ033
12.908,77.621,1,1,9.6,42.0,RQZ034
12.908,77.623,1,1,9.894,40.53,RQZ035
12.908,77.624,1,1,9.685,41.574999999999996,RQZ036
12.908,77.626,1,1,9.662,41.69,RQZ037
12.908,77.63,1,1,9.806,40.970000000000006,RQZ038
12.908,77.631,1,1,9.856,40.72,RQZ039
12.908,77.632,1,1,9.859,40.705,RQZ040
12.908,77.634,1,1,9.798,41.01,RQZ041
12.908,77.635,1,1,9.832,40.839999999999996,RQZ042
12.908,77.636,1,1,9.876,40.620000000000005,RQZ043
12.908,77.637,1,1,9.875,40.625,RQZ044
12.909,77.609,1,1,9.773,41.135000000000005,RQZ045
12.909,77.614,1,1,9.77,41.150000000000006,RQZ046
12.909,77.623,1,1,9.736,41.31999999999999,RQZ047
12.909,77.624,1,1,10.041,39.795,RQZ048
12.909,77.63,1,1,9.993,40.035,RQZ049
12.909,77.637,2,1,9.7625,31.1875,RQZ050
12.909,77.639,1,1,9.693,41.535000000000004,RQZ051
12.909,77.646,1,1,9.732,41.34,RQZ052
12.91,77.602,1,1,9.831,40.845,RQZ053
12.91,77.604,2,1,9.7085,31.457499999999996,RQZ054
12.91,77.607,1,1,9.767,41.165000000000006,RQZ055
12.91,77.608,1,1,10.001,39.995000000000005,RQZ056
12.91,77.616,1,1,9.863,40.685,RQZ057
12.91,77.617,1,1,9.894,40.53,RQZ058
12.91,77.618,1,1,9.658,41.71,RQZ059
12.91,77.627,1,1,9.785,41.075,RQZ060
12.91,77.632,1,1,9.982,40.09,RQZ061
12.91,77.636,1,1,9.833,40.835,RQZ062
12.91,77.638,1,1,9.715,41.425,RQZ063
12.911,77.601,1,1,9.77,41.150000000000006,RQZ064
12.911,77.602,2,1,9.654,31.730000000000004,RQZ065
12.911,77.604,1,1,9.83,40.85,RQZ066
12.911,77.608,1,1,9.961,40.195,RQZ067
12.911,77.617,1,1,9.777,41.115,RQZ068
12.911,77.618,1,1,9.66,41.7,RQZ069
12.911,77.629,2,2,9.834499999999998,30.827500000000008,RQZ070
12.911,77.635,1,1,10.017,39.915000000000006,RQZ071
12.911,77.64,1,1,9.775,41.125,RQZ072
12.911,77.644,1,1,9.825,40.875,RQZ073
12.912,77.607,1,1,9.88,40.599999999999994,RQZ074
12.912,77.617,1,1,9.862,40.69,RQZ075
12.912,77.622,1,1,9.828,40.86,RQZ076
12.912,77.626,1,1,9.822,40.89,RQZ077
12.912,77.632,1,1,9.776,41.120000000000005,RQZ078
12.912,77.639,1,1,9.782,41.09,RQZ079
12.913,77.604,1,1,9.911,40.445,RQZ080
12.913,77.612,1,1,9.851,40.745,RQZ081
12.913,77.614,1,1,9.86,40.7,RQZ082
12.913,77.615,2,2,9.868,30.659999999999997,RQZ083
12.913,77.618,2,1,9.8585,30.707500000000003,RQZ084
12.913,77.619,1,1,9.777,41.115,RQZ085
12.913,77.623,1,1,9.878,40.61,RQZ086
12.913,77.626,2,1,9.8305,30.847499999999997,RQZ087
12.913,77.627,1,1,9.713,41.435,RQZ088
12.913,77.638,1,1,9.896,40.519999999999996,RQZ089
12.913,77.643,1,1,9.805,40.975,RQZ090
12.913,77.648,1,1,9.7,41.5,RQZ091
12.914,77.599,1,1,9.852,40.739999999999995,RQZ092
12.914,77.606,1,1,9.749,41.254999999999995,RQZ093
12.914,77.61,1,1,9.744,41.28,RQZ094
12.914,77.616,2,2,9.812999999999999,30.935000000000002,RQZ095
12.914,77.618,1,1,9.857,40.715,RQZ096
12.914,77.622,1,1,9.671,41.645,RQZ097
12.914,77.624,2,2,9.783000000000001,31.084999999999994,RQZ098
12.914,77.628,1,1,9.865,40.675,RQZ099
12.914,77.63,1,1,9.842,40.79,RQZ100
12.914,77.634,1,1,9.731,41.345,RQZ101
12.915,77.607,1,1,9.786,41.07,RQZ102
12.915,77.609,1,1,9.783,41.085,RQZ103
12.915,77.611,1,1,9.867,40.66499999999999,RQZ104
12.915,77.613,1,1,9.866,40.67,RQZ105
12.915,77.626,1,1,9.733,41.334999999999994,RQZ106
12.915,77.628,1,1,9.646,41.769999999999996,RQZ107
12.915,77.63,2,2,9.783000000000001,31.084999999999994,RQZ108
12.915,77.631,1,1,9.857,40.715,RQZ109
12.915,77.638,1,1,9.882,40.59,RQZ110
12.915,77.641,1,1,9.853,40.735,RQZ111
12.916,77.603,1,1,9.711,41.445,RQZ112
12.916,77.616,1,1,9.872,40.64,RQZ113
12.916,77.617,1,1,9.637,41.815,RQZ114
12.916,77.623,1,1,9.85,40.75,RQZ115
12.916,77.628,2,2,9.691,31.544999999999995,RQZ116
12.916,77.631,1,1,9.901,40.495000000000005,RQZ117
12.916,77.632,1,1,9.774,41.13,RQZ118
12.916,77.639,1,1,9.778,41.11,RQZ119
12.917,77.598,1,1,9.633,41.83500000000001,RQZ120
12.917,77.624,1,1,9.784,41.08,RQZ121
12.917,77.63,1,1,9.738,41.31,RQZ122
12.917,77.637,1,1,9.818,40.910000000000004,RQZ123
12.918,77.598,1,1,9.889,40.55500000000001,RQZ124
12.918,77.6,1,1,9.83,40.85,RQZ125
12.918,77.608,2,1,9.850999999999999,30.745000000000005,RQZ126
12.918,77.612,1,1,9.848,40.76,RQZ127
12.918,77.631,2,1,9.792000000000002,31.039999999999992,RQZ128
12.918,77.635,1,1,9.771,41.144999999999996,RQZ129
12.919,77.6,1,1,9.809,40.955000000000005,RQZ130
12.919,77.606,1,1,9.818,40.910000000000004,RQZ131
12.919,77.607,1,1,9.779,41.105000000000004,RQZ132
12.919,77.609,1,1,9.897,40.515,RQZ133
12.919,77.621,1,1,9.858,40.709999999999994,RQZ134
12.919,77.629,1,1,9.85,40.75,RQZ135
12.919,77.632,1,1,9.83,40.85,RQZ136
12.919,77.633,1,1,9.84,40.8,RQZ137
12.919,77.637,2,1,9.886500000000002,30.567499999999995,RQZ138
12.919,77.638,1,1,9.944,40.279999999999994,RQZ139
12.919,77.64,2,2,9.8505,30.747500000000002,RQZ140
12.919,77.641,1,1,9.835,40.824999999999996,RQZ141
12.919,77.649,1,1,9.786,41.07,RQZ142
12.92,77.611,1,1,9.817,40.915,RQZ143
12.92,77.612,1,1,9.649,41.755,RQZ144
12.92,77.614,1,1,10.014,39.93000000000001,RQZ145
12.92,77.619,1,1,9.748,41.260000000000005,RQZ146
12.92,77.625,1,1,9.906,40.47,RQZ147
12.92,77.626,1,1,9.819,40.904999999999994,RQZ148
12.92,77.627,1,1,9.772,41.14,RQZ149
12.92,77.628,1,1,9.889,40.55500000000001,RQZ150
12.92,77.634,1,1,9.79,41.050000000000004,RQZ151
12.92,77.635,1,1,9.871,40.644999999999996,RQZ152
12.92,77.637,1,1,9.873,40.635000000000005,RQZ153
12.92,77.646,1,1,9.83,40.85,RQZ154
12.921,77.61,1,1,9.911,40.445,RQZ155
12.921,77.628,1,1,9.717,41.415,RQZ156
12.921,77.63,1,1,9.706,41.47,RQZ157
12.921,77.632,1,1,9.752,41.239999999999995,RQZ158
12.921,77.635,1,1,9.724,41.379999999999995,RQZ159
12.921,77.637,1,1,9.651,41.745000000000005,RQZ160
12.921,77.638,1,1,9.835,40.824999999999996,RQZ161
12.921,77.64,1,1,9.747,41.265,RQZ162
12.921,77.643,2,2,9.784,31.08,RQZ163
12.921,77.644,1,1,9.862,40.69,RQZ164
12.922,77.604,1,1,9.719,41.405,RQZ165
12.922,77.614,1,1,9.802,40.99,RQZ166
12.922,77.617,1,1,9.729,41.355000000000004,RQZ167
12.922,77.618,1,1,9.88,40.599999999999994,RQZ168
12.922,77.62,1,1,9.903,40.485,RQZ169
12.922,77.623,1,1,9.943,40.285000000000004,RQZ170
12.922,77.624,1,1,9.79,41.050000000000004,RQZ171
12.922,77.625,1,1,9.891,40.545,RQZ172
12.922,77.628,1,1,9.832,40.839999999999996,RQZ173
12.922,77.629,1,1,9.752,41.239999999999995,RQZ174
12.922,77.635,1,1,9.767,41.165000000000006,RQZ175
12.922,77.636,1,1,9.898,40.510000000000005,RQZ176
12.922,77.644,2,2,9.769,31.155,RQZ177
12.922,77.645,1,1,9.718,41.41,RQZ178
12.922,77.649,1,1,9.912,40.44,RQZ179
12.923,77.594,1,1,9.906,40.47,RQZ180
12.923,77.61,1,1,9.789,41.055,RQZ181
12.923,77.615,1,1,9.899,40.505,RQZ182
12.923,77.619,1,1,9.791,41.045,RQZ183
12.923,77.623,1,1,9.742,41.28999999999999,RQZ184
12.923,77.626,2,2,9.876000000000001,30.61999999999999,RQZ185
12.923,77.629,2,2,9.790500000000002,31.047499999999992,RQZ186
12.923,77.63,1,1,9.736,41.31999999999999,RQZ187
12.923,77.631,1,1,9.761,41.19500000000001,RQZ188
12.923,77.632,2,2,9.9185,30.4075,RQZ189
12.923,77.634,1,1,9.863,40.685,RQZ190
12.923,77.64,1,1,9.718,41.41,RQZ191
12.923,77.641,1,1,9.807,40.964999999999996,RQZ192
12.923,77.647,1,1,9.766,41.17,RQZ193
12.924,77.607,1,1,9.758,41.21000000000001,RQZ194
12.924,77.608,1,1,9.797,41.015,RQZ195
12.924,77.616,1,1,9.753,41.235,RQZ196
12.924,77.618,1,1,9.624,41.879999999999995,RQZ197
12.924,77.621,1,1,9.802,40.99,RQZ198
12.924,77.624,1,1,9.943,40.285000000000004,RQZ199
12.924,77.625,2,2,9.815999999999999,30.92,RQZ200
12.924,77.627,1,1,9.891,40.545,RQZ201
12.924,77.628,1,1,9.796,41.02,RQZ202
12.924,77.629,1,1,9.803,40.985,RQZ203
12.924,77.63,1,1,9.81,40.949999999999996,RQZ204
12.924,77.634,3,3,9.847666666666667,20.761666666666663,RQZ205
12.924,77.637,1,1,9.802,40.99,RQZ206
12.924,77.638,2,1,9.767,31.165000000000006,RQZ207
12.924,77.64,1,1,9.835,40.824999999999996,RQZ208
12.924,77.646,1,1,9.837,40.815,RQZ209
12.925,77.598,1,1,9.774,41.13,RQZ210
12.925,77.607,1,1,9.826,40.87,RQZ211
12.925,77.613,1,1,9.858,40.709999999999994,RQZ212
12.925,77.615,2,1,9.814,30.93,RQZ213
12.925,77.618,1,1,9.894,40.53,RQZ214
12.925,77.62,2,2,9.8245,30.877499999999998,RQZ215
12.925,77.621,1,1,9.582,42.089999999999996,RQZ216
12.925,77.623,1,1,9.79,41.050000000000004,RQZ217
12.925,77.624,1,1,9.712,41.44,RQZ218
12.925,77.625,1,1,9.865,40.675,RQZ219
12.925,77.626,1,1,9.852,40.739999999999995,RQZ220
12.925,77.629,1,1,9.773,41.135000000000005,RQZ221
12.925,77.63,1,1,9.814,40.93,RQZ222
12.925,77.634,2,1,9.7975,31.012500000000003,RQZ223
12.925,77.636,1,1,9.949,40.255,RQZ224
12.925,77.64,1,1,9.952,40.24,RQZ225
12.925,77.641,1,1,9.814,40.93,RQZ226
12.926,77.607,1,1,9.718,41.41,RQZ227
12.926,77.621,1,1,9.873,40.635000000000005,RQZ228
12.926,77.622,2,2,9.7615,31.192500000000003,RQZ229
12.926,77.623,2,2,9.7715,31.1425,RQZ230
12.926,77.625,1,1,9.871,40.644999999999996,RQZ231
12.926,77.63,1,1,9.869,40.655,RQZ232
12.926,77.631,2,2,9.739999999999998,31.30000000000001,RQZ233
12.926,77.633,2,1,9.826,30.869999999999997,RQZ234
12.926,77.637,1,1,9.717,41.415,RQZ235
12.926,77.639,1,1,9.823,40.885,RQZ236
12.926,77.64,2,1,9.8615,30.692500000000003,RQZ237
12.926,77.642,1,1,9.725,41.375,RQZ238
12.927,77.618,1,1,9.823,40.885,RQZ239
12.927,77.623,1,1,9.866,40.67,RQZ240
12.927,77.626,1,1,9.796,41.02,RQZ241
12.927,77.627,1,1,9.731,41.345,RQZ242
12.927,77.628,1,1,9.703,41.485,RQZ243
12.927,77.629,1,1,9.606,41.97,RQZ244
12.927,77.63,1,1,9.934,40.330000000000005,RQZ245
12.927,77.634,2,2,9.904499999999999,30.477500000000006,RQZ246
12.927,77.64,1,1,9.839,40.805,RQZ247
12.927,77.643,1,1,9.813,40.934999999999995,RQZ248
12.927,77.647,1,1,9.858,40.709999999999994,RQZ249
12.927,77.649,1,1,9.839,40.805,RQZ250
12.928,77.61,1,1,9.802,40.99,RQZ251
12.928,77.615,1,1,9.87,40.650000000000006,RQZ252
12.928,77.618,1,1,9.878,40.61,RQZ253
12.928,77.621,1,1,9.902,40.49,RQZ254
12.928,77.622,1,1,9.687,41.565000000000005,RQZ255
12.928,77.623,1,1,9.817,40.915,RQZ256
12.928,77.625,1,1,9.753,41.235,RQZ257
12.928,77.626,1,1,9.729,41.355000000000004,RQZ258
12.928,77.628,2,1,9.8705,30.6475,RQZ259
12.928,77.629,2,2,9.875499999999999,30.622500000000002,RQZ260
12.928,77.634,1,1,9.704,41.48,RQZ261
12.928,77.638,1,1,9.763,41.185,RQZ262
12.928,77.647,1,1,9.824,40.88,RQZ263
12.929,77.598,1,1,9.817,40.915,RQZ264
12.929,77.608,1,1,9.855,40.724999999999994,RQZ265
12.929,77.618,1,1,9.592,42.04,RQZ266
12.929,77.619,2,1,9.811,30.945,RQZ267
12.929,77.62,1,1,9.834,40.83,RQZ268
12.929,77.621,1,1,9.815,40.925000000000004,RQZ269
12.929,77.622,1,1,9.803,40.985,RQZ270
12.929,77.625,1,1,9.71,41.449999999999996,RQZ271
12.929,77.629,1,1,9.828,40.86,RQZ272
12.929,77.631,1,1,9.79,41.050000000000004,RQZ273
12.929,77.633,1,1,9.757,41.215,RQZ274
12.93,77.598,1,1,9.882,40.59,RQZ275
12.93,77.608,1,1,9.786,41.07,RQZ276
12.93,77.61,1,1,9.847,40.765,RQZ277
12.93,77.615,1,1,9.803,40.985,RQZ278
12.93,77.616,1,1,9.629,41.855000000000004,RQZ279
12.93,77.617,1,1,9.847,40.765,RQZ280
12.93,77.623,2,2,9.807500000000001,30.96249999999999,RQZ281
12.93,77.624,2,2,9.764,31.180000000000007,RQZ282
12.93,77.625,1,1,9.705,41.475,RQZ283
12.93,77.628,1,1,9.907,40.465,RQZ284
12.93,77.629,1,1,9.783,41.085,RQZ285
12.93,77.632,3,2,9.825999999999999,20.870000000000005,RQZ286
12.93,77.636,1,1,9.797,41.015,RQZ287
12.93,77.64,1,1,9.739,41.30499999999999,RQZ288
12.93,77.647,1,1,9.736,41.31999999999999,RQZ289
12.931,77.593,1,1,9.733,41.334999999999994,RQZ290
12.931,77.606,1,1,9.773,41.135000000000005,RQZ291
12.931,77.615,1,1,9.844,40.78,RQZ292
12.931,77.619,1,1,9.885,40.575,RQZ293
12.931,77.62,1,1,9.748,41.260000000000005,RQZ294
12.931,77.621,1,1,9.77,41.150000000000006,RQZ295
12.931,77.622,1,1,9.83,40.85,RQZ296
12.931,77.631,2,2,9.715,31.424999999999997,RQZ297
12.931,77.635,1,1,9.827,40.865,RQZ298
12.931,77.64,1,1,9.685,41.574999999999996,RQZ299
12.931,77.644,1,1,9.802,40.99,RQZ300
12.932,77.593,1,1,9.687,41.565000000000005,RQZ301
12.932,77.609,1,1,9.859,40.705,RQZ302
12.932,77.614,1,1,9.892,40.540000000000006,RQZ303
12.932,77.619,1,1,9.977,40.114999999999995,RQZ304
12.932,77.622,1,1,9.711,41.445,RQZ305
12.932,77.628,1,1,9.781,41.095,RQZ306
12.932,77.633,1,1,9.86,40.7,RQZ307
12.932,77.634,1,1,9.76,41.2,RQZ308
12.932,77.638,1,1,9.853,40.735,RQZ309
12.932,77.642,1,1,9.779,41.105000000000004,RQZ310
12.933,77.593,1,1,9.793,41.035000000000004,RQZ311
12.933,77.601,1,1,9.717,41.415,RQZ312
12.933,77.614,1,1,9.806,40.970000000000006,RQZ313
12.933,77.622,1,1,9.787,41.065,RQZ314
12.933,77.623,1,1,9.811,40.945,RQZ315
12.933,77.625,1,1,9.755,41.224999999999994,RQZ316
12.933,77.629,1,1,9.946,40.27,RQZ317
12.933,77.631,1,1,9.611,41.94499999999999,RQZ318
12.933,77.633,1,1,9.739,41.30499999999999,RQZ319
12.933,77.634,1,1,9.795,41.025,RQZ320
12.933,77.635,1,1,9.761,41.19500000000001,RQZ321
12.933,77.638,1,1,9.81,40.949999999999996,RQZ322
12.933,77.64,1,1,9.694,41.529999999999994,RQZ323
12.933,77.642,1,1,9.939,40.305,RQZ324
12.933,77.646,1,1,9.847,40.765,RQZ325
12.934,77.62,1,1,9.887,40.565,RQZ326
12.934,77.623,1,1,9.805,40.975,RQZ327
12.934,77.625,1,1,9.774,41.13,RQZ328
12.934,77.626,1,1,9.897,40.515,RQZ329
12.934,77.629,1,1,9.878,40.61,RQZ330
12.934,77.634,1,1,9.753,41.235,RQZ331
12.934,77.637,2,2,9.793,31.035000000000004,RQZ332
12.934,77.64,1,1,9.803,40.985,RQZ333
12.934,77.643,1,1,9.805,40.975,RQZ334
12.934,77.645,1,1,9.843,40.785,RQZ335
12.934,77.647,1,1,9.747,41.265,RQZ336
12.934,77.649,1,1,9.879,40.605000000000004,RQZ337
12.935,77.626,1,1,9.677,41.615,RQZ338
12.935,77.627,1,1,9.764,41.18000000000001,RQZ339
12.935,77.631,1,1,9.823,40.885,RQZ340
12.935,77.632,1,1,9.699,41.505,RQZ341
12.935,77.634,1,1,9.823,40.885,RQZ342
12.935,77.641,1,1,9.849,40.754999999999995,RQZ343
12.935,77.642,1,1,9.785,41.075,RQZ344
12.935,77.644,1,1,9.975,40.125,RQZ345
12.935,77.648,1,1,9.85,40.75,RQZ346
12.935,77.649,1,1,9.712,41.44,RQZ347
12.936,77.627,1,1,9.726,41.37,RQZ348
12.936,77.636,1,1,9.684,41.580000000000005,RQZ349
12.936,77.639,1,1,9.606,41.97,RQZ350
12.936,77.641,1,1,9.861,40.69499999999999,RQZ351
12.937,77.608,1,1,9.881,40.595,RQZ352
12.937,77.612,1,1,9.795,41.025,RQZ353
12.937,77.624,1,1,9.854,40.730000000000004,RQZ354
12.937,77.626,1,1,9.846,40.769999999999996,RQZ355
12.937,77.627,1,1,9.764,41.18000000000001,RQZ356
12.937,77.628,1,1,9.773,41.135000000000005,RQZ357
12.937,77.631,1,1,9.926,40.37,RQZ358
12.937,77.633,1,1,9.755,41.224999999999994,RQZ359
12.937,77.635,1,1,9.875,40.625,RQZ360
12.937,77.637,1,1,9.806,40.970000000000006,RQZ361
12.937,77.638,1,1,9.851,40.745,RQZ362
12.937,77.644,1,1,9.834,40.83,RQZ363
12.937,77.648,1,1,9.749,41.254999999999995,RQZ364
12.938,77.607,1,1,9.862,40.69,RQZ365
12.938,77.624,1,1,9.847,40.765,RQZ366
12.938,77.625,1,1,9.825,40.875,RQZ367
12.938,77.628,1,1,9.732,41.34,RQZ368
12.938,77.641,1,1,9.786,41.07,RQZ369
12.938,77.642,1,1,9.806,40.970000000000006,RQZ370
12.938,77.645,1,1,9.765,41.175,RQZ371
12.939,77.608,1,1,9.864,40.67999999999999,RQZ372
12.939,77.633,1,1,9.768,41.16,RQZ373
12.939,77.636,1,1,9.75,41.25,RQZ374
12.94,77.61,1,1,9.907,40.465,RQZ375
12.94,77.62,1,1,9.661,41.695,RQZ376
12.94,77.624,1,1,9.795,41.025,RQZ377
12.94,77.626,2,2,9.723500000000001,31.382499999999993,RQZ378
12.94,77.627,1,1,9.855,40.724999999999994,RQZ379
12.94,77.63,1,1,9.844,40.78,RQZ380
12.94,77.64,1,1,9.813,40.934999999999995,RQZ381
12.94,77.647,1,1,9.812,40.940000000000005,RQZ382
12.941,77.615,1,1,9.751,41.245000000000005,RQZ383
12.941,77.622,1,1,9.825,40.875,RQZ384
12.941,77.623,1,1,9.771,41.144999999999996,RQZ385
12.941,77.625,2,1,9.7525,31.237500000000004,RQZ386
12.941,77.626,1,1,9.857,40.715,RQZ387
12.941,77.63,2,1,9.714500000000001,31.427499999999995,RQZ388
12.941,77.64,1,1,9.631,41.845,RQZ389
12.941,77.642,1,1,9.891,40.545,RQZ390
12.942,77.607,1,1,9.692,41.54,RQZ391
12.942,77.621,1,1,9.844,40.78,RQZ392
12.942,77.625,1,1,9.864,40.67999999999999,RQZ393
12.942,77.628,1,1,9.811,40.945,RQZ394
12.942,77.632,1,1,9.841,40.795,RQZ395
12.942,77.634,1,1,9.858,40.709999999999994,RQZ396
12.942,77.636,1,1,9.821,40.895,RQZ397
12.942,77.638,1,1,9.835,40.824999999999996,RQZ398
12.942,77.639,1,1,9.835,40.824999999999996,RQZ399
12.942,77.64,1,1,9.832,40.839999999999996,RQZ400
12.942,77.641,1,1,9.935,40.324999999999996,RQZ401
12.942,77.642,1,1,9.675,41.625,RQZ402
12.943,77.609,1,1,9.879,40.605000000000004,RQZ403
12.943,77.617,1,1,9.809,40.955000000000005,RQZ404
12.943,77.622,1,1,9.714,41.43,RQZ405
12.943,77.624,1,1,9.759,41.205,RQZ406
12.943,77.625,1,1,9.751,41.245000000000005,RQZ407
12.943,77.629,1,1,9.827,40.865,RQZ408
12.943,77.635,1,1,9.884,40.58,RQZ409
12.943,77.638,1,1,9.847,40.765,RQZ410
12.943,77.647,1,1,9.811,40.945,RQZ411
12.944,77.609,1,1,9.895,40.525000000000006,RQZ412
12.944,77.622,1,1,9.735,41.325,RQZ413
12.944,77.623,1,1,9.78,41.1,RQZ414
12.944,77.626,1,1,9.783,41.085,RQZ415
12.944,77.633,2,2,9.7805,31.097499999999997,RQZ416
12.944,77.634,1,1,9.872,40.64,RQZ417
12.944,77.635,1,1,9.668,41.660000000000004,RQZ418
12.944,77.637,1,1,10.051,39.745,RQZ419
12.944,77.64,1,1,9.724,41.379999999999995,RQZ420
12.944,77.642,1,1,9.845,40.775,RQZ421
12.944,77.643,1,1,9.806,40.970000000000006,RQZ422
12.944,77.644,1,1,9.664,41.68,RQZ423
12.944,77.645,1,1,9.928,40.36,RQZ424
12.944,77.646,1,1,9.686,41.57,RQZ425
12.945,77.612,1,1,9.729,41.355000000000004,RQZ426
12.945,77.622,1,1,9.743,41.285,RQZ427
12.945,77.627,1,1,9.802,40.99,RQZ428
12.945,77.628,2,2,9.7635,31.182499999999997,RQZ429
12.945,77.63,2,1,9.797,31.015,RQZ430
12.945,77.634,2,1,9.7675,31.1625,RQZ431
12.945,77.635,1,1,9.816,40.919999999999995,RQZ432
12.945,77.643,1,1,9.756,41.22,RQZ433
12.945,77.645,2,2,9.793500000000002,31.03249999999999,RQZ434
12.945,77.646,1,1,9.703,41.485,RQZ435
12.946,77.627,1,1,9.783,41.085,RQZ436
12.946,77.635,1,1,9.691,41.544999999999995,RQZ437
12.946,77.638,1,1,9.875,40.625,RQZ438
12.947,77.609,1,1,9.843,40.785,RQZ439
12.947,77.623,1,1,9.779,41.105000000000004,RQZ440
12.947,77.628,1,1,9.705,41.475,RQZ441
12.947,77.635,1,1,9.669,41.655,RQZ442
12.947,77.638,1,1,9.827,40.865,RQZ443
12.947,77.639,1,1,9.673,41.635,RQZ444
12.947,77.643,1,1,9.733,41.334999999999994,RQZ445
12.948,77.618,1,1,9.911,40.445,RQZ446
12.948,77.627,1,1,9.773,41.135000000000005,RQZ447
12.948,77.628,1,1,9.789,41.055,RQZ448
12.948,77.629,1,1,9.735,41.325,RQZ449
12.948,77.631,1,1,9.722,41.39,RQZ450
12.948,77.632,1,1,9.762,41.19,RQZ451
12.948,77.639,1,1,9.806,40.970000000000006,RQZ452
12.949,77.625,1,1,9.885,40.575,RQZ453
12.95,77.626,1,1,9.694,41.529999999999994,RQZ454
12.95,77.629,1,1,9.787,41.065,RQZ455
12.95,77.631,1,1,9.819,40.904999999999994,RQZ456
12.95,77.633,1,1,9.764,41.18000000000001,RQZ457
12.95,77.637,1,1,9.698,41.51,RQZ458
12.95,77.642,1,1,9.756,41.22,RQZ459
12.95,77.646,1,1,9.803,40.985,RQZ460
12.951,77.619,1,1,9.886,40.57000000000001,RQZ461
12.951,77.624,1,1,9.88,40.599999999999994,RQZ462
12.951,77.628,1,1,9.654,41.730000000000004,RQZ463
12.951,77.634,2,1,9.6915,31.542500000000004,RQZ464
12.952,77.614,1,1,9.879,40.605000000000004,RQZ465
12.952,77.627,1,1,9.777,41.115,RQZ466
12.953,77.626,1,1,9.839,40.805,RQZ467
12.953,77.633,1,1,9.942,40.29,RQZ468
12.953,77.634,1,1,9.692,41.54,RQZ469
12.953,77.638,1,1,9.879,40.605000000000004,RQZ470
12.953,77.641,1,1,9.674,41.63,RQZ471
12.953,77.642,2,1,9.7675,31.1625,RQZ472
12.954,77.627,1,1,9.739,41.30499999999999,RQZ473
12.954,77.628,1,1,9.81,40.949999999999996,RQZ474
12.954,77.644,1,1,9.78,41.1,RQZ475
12.955,77.625,1,1,9.706,41.47,RQZ476
12.955,77.627,1,1,9.715,41.425,RQZ477
12.955,77.628,1,1,9.904,40.480000000000004,RQZ478
12.955,77.631,1,1,9.818,40.910000000000004,RQZ479
12.955,77.633,1,1,9.818,40.910000000000004,RQZ480
12.956,77.624,1,1,9.733,41.334999999999994,RQZ481
12.956,77.63,1,1,9.653,41.735,RQZ482
12.956,77.644,1,1,9.667,41.665,RQZ483
12.956,77.648,1,1,9.912,40.44,RQZ484
12.958,77.626,1,1,9.867,40.66499999999999,RQZ485
12.958,77.632,1,1,9.963,40.185,RQZ486
12.958,77.633,1,1,9.757,41.215,RQZ487
12.958,77.639,1,1,9.799,41.005,RQZ488
12.959,77.623,2,1,9.8545,30.7275,RQZ489
19.039,72.866,1,1,9.865,40.675,RQZ490
19.039,72.869,1,1,9.737,41.315,RQZ491
19.04,72.848,1,1,9.854,40.730000000000004,RQZ492
19.04,72.869,1,1,9.702,41.49,RQZ493
19.04,72.901,1,1,9.754,41.230000000000004,RQZ494
19.041,72.849,1,1,9.795,41.025,RQZ495
19.041,72.87,1,1,9.749,41.254999999999995,RQZ496
19.041,72.897,1,1,9.925,40.375,RQZ497
19.041,72.901,1,1,9.76,41.2,RQZ498
19.041,72.902,1,1,9.773,41.135000000000005,RQZ499
19.042,72.846,1,1,9.81,40.949999999999996,RQZ500
19.042,72.85,1,1,9.875,40.625,RQZ501
19.042,72.862,1,1,9.832,40.839999999999996,RQZ502
19.042,72.87,1,1,9.786,41.07,RQZ503
19.042,72.886,1,1,9.653,41.735,RQZ504
19.042,72.89,1,1,9.858,40.709999999999994,RQZ505
19.042,72.898,1,1,9.749,41.254999999999995,RQZ506
19.042,72.906,1,1,9.763,41.185,RQZ507
19.042,72.907,1,1,9.881,40.595,RQZ508
19.043,72.859,1,1,9.757,41.215,RQZ509
19.043,72.884,1,1,9.786,41.07,RQZ510
19.043,72.885,1,1,9.759,41.205,RQZ511
19.043,72.901,1,1,9.83,40.85,RQZ512
19.043,72.906,1,1,9.814,40.93,RQZ513
19.043,72.907,1,1,9.601,41.995,RQZ514
19.044,72.845,1,1,9.795,41.025,RQZ515
19.044,72.857,1,1,9.866,40.67,RQZ516
19.044,72.868,1,1,9.704,41.48,RQZ517
19.044,72.884,1,1,9.781,41.095,RQZ518
19.044,72.89,1,1,9.758,41.21000000000001,RQZ519
19.044,72.896,1,1,9.857,40.715,RQZ520
19.044,72.899,1,1,9.68,41.6,RQZ521
19.044,72.902,1,1,9.673,41.635,RQZ522
19.045,72.846,1,1,9.838,40.81,RQZ523
19.045,72.849,1,1,9.802,40.99,RQZ524
19.045,72.854,1,1,9.908,40.46,RQZ525
19.045,72.857,1,1,9.798,41.01,RQZ526
19.045,72.858,1,1,9.896,40.519999999999996,RQZ527
19.045,72.86,1,1,9.755,41.224999999999994,RQZ528
19.045,72.866,1,1,9.75,41.25,RQZ529
19.045,72.867,1,1,9.799,41.005,RQZ530
19.045,72.868,1,1,9.834,40.83,RQZ531
19.045,72.885,1,1,9.829,40.855,RQZ532
19.045,72.887,1,1,9.624,41.879999999999995,RQZ533
19.045,72.888,1,1,9.943,40.285000000000004,RQZ534
19.045,72.889,1,1,9.904,40.480000000000004,RQZ535
19.045,72.893,1,1,9.735,41.325,RQZ536
19.046,72.847,1,1,9.855,40.724999999999994,RQZ537
19.046,72.848,1,1,9.646,41.769999999999996,RQZ538
19.046,72.852,1,1,9.688,41.559999999999995,RQZ539
19.046,72.854,1,1,9.651,41.745000000000005,RQZ540
19.046,72.864,1,1,9.673,41.635,RQZ541
19.046,72.866,2,2,9.7795,31.1025,RQZ542
19.047,72.85,1,1,9.855,40.724999999999994,RQZ543
19.047,72.863,1,1,9.824,40.88,RQZ544
19.047,72.892,1,1,9.678,41.61,RQZ545
19.047,72.908,1,1,9.851,40.745,RQZ546
19.048,72.844,1,1,9.671,41.645,RQZ547
19.048,72.852,1,1,9.824,40.88,RQZ548
19.048,72.859,1,1,9.801,40.995,RQZ549
19.048,72.866,2,1,9.836500000000001,30.817499999999995,RQZ550
19.048,72.867,1,1,9.638,41.81,RQZ551
19.048,72.875,1,1,9.8,41.0,RQZ552
19.048,72.885,1,1,9.814,40.93,RQZ553
19.048,72.89,1,1,9.795,41.025,RQZ554
19.048,72.9,1,1,9.869,40.655,RQZ555
19.049,72.845,1,1,9.768,41.16,RQZ556
19.049,72.847,1,1,9.688,41.559999999999995,RQZ557
19.049,72.848,1,1,9.884,40.58,RQZ558
19.049,72.849,1,1,9.724,41.379999999999995,RQZ559
19.049,72.852,1,1,9.733,41.334999999999994,RQZ560
19.049,72.853,1,1,9.682,41.589999999999996,RQZ561
19.049,72.854,1,1,9.825,40.875,RQZ562
19.049,72.859,1,1,9.777,41.115,RQZ563
19.049,72.87,1,1,9.743,41.285,RQZ564
19.049,72.888,1,1,9.771,41.144999999999996,RQZ565
19.049,72.896,1,1,9.733,41.334999999999994,RQZ566
19.049,72.908,1,1,9.668,41.660000000000004,RQZ567
19.05,72.847,1,1,9.782,41.09,RQZ568
19.05,72.849,1,1,9.81,40.949999999999996,RQZ569
19.05,72.857,1,1,9.835,40.824999999999996,RQZ570
19.05,72.865,1,1,9.806,40.970000000000006,RQZ571
19.05,72.866,1,1,9.799,41.005,RQZ572
19.05,72.867,1,1,9.7,41.5,RQZ573
19.05,72.878,1,1,9.901,40.495000000000005,RQZ574
19.05,72.88,1,1,9.863,40.685,RQZ575
19.05,72.886,1,1,9.809,40.955000000000005,RQZ576
19.05,72.888,1,1,9.843,40.785,RQZ577
19.05,72.889,1,1,9.795,41.025,RQZ578
19.05,72.894,1,1,9.878,40.61,RQZ579
19.05,72.902,1,1,9.758,41.21000000000001,RQZ580
19.051,72.845,1,1,9.811,40.945,RQZ581
19.051,72.868,1,1,9.788,41.06,RQZ582
19.051,72.873,1,1,9.8,41.0,RQZ583
19.051,72.879,1,1,9.715,41.425,RQZ584
19.051,72.883,1,1,9.703,41.485,RQZ585
19.051,72.884,1,1,9.667,41.665,RQZ586
19.051,72.885,1,1,9.736,41.31999999999999,RQZ587
19.051,72.889,1,1,9.666,41.67,RQZ588
19.052,72.85,1,1,9.667,41.665,RQZ589
19.052,72.854,1,1,9.793,41.035000000000004,RQZ590
19.052,72.858,1,1,9.928,40.36,RQZ591
19.052,72.864,1,1,9.835,40.824999999999996,RQZ592
19.052,72.875,1,1,9.837,40.815,RQZ593
19.052,72.877,1,1,9.863,40.685,RQZ594
19.052,72.89,1,1,9.757,41.215,RQZ595
19.052,72.897,1,1,9.797,41.015,RQZ596
19.053,72.848,1,1,9.857,40.715,RQZ597
19.053,72.851,1,1,9.801,40.995,RQZ598
19.053,72.864,1,1,9.819,40.904999999999994,RQZ599
19.053,72.904,1,1,9.858,40.709999999999994,RQZ600
19.054,72.844,1,1,9.841,40.795,RQZ601
19.054,72.849,1,1,9.912,40.44,RQZ602
19.054,72.852,1,1,9.836,40.82,RQZ603
19.054,72.853,1,1,9.81,40.949999999999996,RQZ604
19.054,72.862,1,1,9.938,40.309999999999995,RQZ605
19.054,72.875,1,1,9.889,40.55500000000001,RQZ606
19.054,72.883,1,1,9.828,40.86,RQZ607
19.054,72.892,1,1,9.947,40.265,RQZ608
19.054,72.893,1,1,9.769,41.155,RQZ609
19.054,72.904,1,1,9.782,41.09,RQZ610
19.054,72.905,1,1,9.769,41.155,RQZ611
19.055,72.847,2,2,9.7025,31.487499999999997,RQZ612
19.055,72.849,1,1,9.892,40.540000000000006,RQZ613
19.055,72.86,1,1,9.733,41.334999999999994,RQZ614
19.055,72.865,1,1,9.826,40.87,RQZ615
19.055,72.881,1,1,9.884,40.58,RQZ616
19.055,72.885,1,1,9.81,40.949999999999996,RQZ617
19.055,72.889,1,1,9.66,41.7,RQZ618
19.055,72.894,1,1,9.819,40.904999999999994,RQZ619
19.055,72.896,1,1,9.828,40.86,RQZ620
19.055,72.903,1,1,9.661,41.695,RQZ621
19.056,72.847,1,1,9.674,41.63,RQZ622
19.056,72.851,1,1,9.829,40.855,RQZ623
19.056,72.857,1,1,9.667,41.665,RQZ624
19.056,72.858,1,1,9.744,41.28,RQZ625
19.056,72.864,1,1,9.865,40.675,RQZ626
19.056,72.88,1,1,9.936,40.32,RQZ627
19.056,72.892,1,1,9.816,40.919999999999995,RQZ628
19.056,72.894,1,1,9.863,40.685,RQZ629
19.056,72.896,1,1,9.726,41.37,RQZ630
19.056,72.898,1,1,9.953,40.235,RQZ631
19.056,72.9,1,1,9.785,41.075,RQZ632
19.056,72.901,1,1,9.66,41.7,RQZ633
19.056,72.904,1,1,9.791,41.045,RQZ634
19.056,72.909,1,1,9.906,40.47,RQZ635
19.057,72.845,1,1,9.666,41.67,RQZ636
19.057,72.855,1,1,9.706,41.47,RQZ637
19.057,72.861,2,1,9.793,31.035000000000004,RQZ638
19.057,72.863,1,1,9.649,41.755,RQZ639
19.057,72.865,2,1,9.747,31.265,RQZ640
19.057,72.878,1,1,9.794,41.03,RQZ641
19.057,72.889,2,2,9.778500000000001,31.107499999999995,RQZ642
19.057,72.892,1,1,9.695,41.525,RQZ643
19.057,72.896,1,1,9.742,41.28999999999999,RQZ644
19.058,72.849,1,1,9.89,40.55,RQZ645
19.058,72.85,1,1,9.781,41.095,RQZ646
19.058,72.868,1,1,9.797,41.015,RQZ647
19.058,72.887,1,1,9.702,41.49,RQZ648
19.058,72.888,2,1,9.751,31.245000000000005,RQZ649
19.058,72.891,1,1,9.596,42.019999999999996,RQZ650
19.058,72.897,1,1,9.845,40.775,RQZ651
19.058,72.898,1,1,9.825,40.875,RQZ652
19.059,72.861,1,1,9.764,41.18000000000001,RQZ653
19.059,72.866,1,1,9.75,41.25,RQZ654
19.059,72.882,1,1,9.764,41.18000000000001,RQZ655
19.059,72.889,1,1,9.831,40.845,RQZ656
19.059,72.892,1,1,9.788,41.06,RQZ657
19.06,72.854,1,1,9.894,40.53,RQZ658
19.06,72.863,1,1,9.739,41.30499999999999,RQZ659
19.06,72.864,1,1,9.878,40.61,RQZ660
19.06,72.868,1,1,9.728,41.36,RQZ661
19.06,72.882,1,1,9.676,41.62,RQZ662
19.06,72.893,1,1,9.789,41.055,RQZ663
19.06,72.896,1,1,9.71,41.449999999999996,RQZ664
19.06,72.898,1,1,9.824,40.88,RQZ665
19.061,72.843,1,1,9.86,40.7,RQZ666
19.061,72.845,1,1,9.677,41.615,RQZ667
19.061,72.849,1,1,9.631,41.845,RQZ668
19.061,72.863,1,1,9.732,41.34,RQZ669
19.061,72.883,1,1,9.794,41.03,RQZ670
19.061,72.886,1,1,9.79,41.050000000000004,RQZ671
19.061,72.887,1,1,9.861,40.69499999999999,RQZ672
19.061,72.891,1,1,9.892,40.540000000000006,RQZ673
19.061,72.908,1,1,9.724,41.379999999999995,RQZ674
19.062,72.843,1,1,9.834,40.83,RQZ675
19.062,72.844,1,1,9.78,41.1,RQZ676
19.062,72.849,3,1,9.791666666666666,21.04166666666667,RQZ677
19.062,72.852,1,1,9.768,41.16,RQZ678
19.062,72.855,1,1,9.875,40.625,RQZ679
19.062,72.866,1,1,9.691,41.544999999999995,RQZ680
19.062,72.867,1,1,9.718,41.41,RQZ681
19.062,72.868,1,1,9.868,40.66,RQZ682
19.062,72.878,1,1,9.858,40.709999999999994,RQZ683
19.062,72.88,1,1,9.969,40.155,RQZ684
19.062,72.886,2,1,9.782,31.090000000000003,RQZ685
19.062,72.889,1,1,9.854,40.730000000000004,RQZ686
19.062,72.891,1,1,9.725,41.375,RQZ687
19.062,72.906,1,1,9.863,40.685,RQZ688
19.063,72.845,1,1,9.803,40.985,RQZ689
19.063,72.849,1,1,9.946,40.27,RQZ690
19.063,72.853,2,2,9.752500000000001,31.237499999999997,RQZ691
19.063,72.856,1,1,9.784,41.08,RQZ692
19.063,72.858,1,1,9.803,40.985,RQZ693
19.063,72.859,1,1,9.76,41.2,RQZ694
19.063,72.863,1,1,9.759,41.205,RQZ695
19.063,72.867,1,1,9.904,40.480000000000004,RQZ696
19.063,72.875,1,1,9.812,40.940000000000005,RQZ697
19.063,72.882,1,1,9.956,40.22,RQZ698
19.063,72.884,2,2,9.729,31.355000000000004,RQZ699
19.063,72.885,2,2,9.768,31.159999999999997,RQZ700
19.063,72.889,1,1,9.863,40.685,RQZ701
19.063,72.894,1,1,9.738,41.31,RQZ702
19.063,72.903,1,1,9.836,40.82,RQZ703
19.063,72.908,1,1,9.853,40.735,RQZ704
19.064,72.848,1,1,9.697,41.515,RQZ705
19.064,72.852,1,1,9.906,40.47,RQZ706
19.064,72.861,1,1,9.898,40.510000000000005,RQZ707
19.064,72.864,1,1,9.876,40.620000000000005,RQZ708
19.064,72.878,1,1,9.868,40.66,RQZ709
19.064,72.881,1,1,9.721,41.394999999999996,RQZ710
19.064,72.886,1,1,9.907,40.465,RQZ711
19.064,72.894,2,1,9.756,31.22,RQZ712
19.064,72.905,1,1,9.853,40.735,RQZ713
19.065,72.845,1,1,9.757,41.215,RQZ714
19.065,72.863,1,1,9.743,41.285,RQZ715
19.065,72.865,1,1,9.817,40.915,RQZ716
19.065,72.869,1,1,9.798,41.01,RQZ717
19.065,72.884,1,1,9.784,41.08,RQZ718
19.065,72.886,1,1,9.725,41.375,RQZ719
19.065,72.889,1,1,9.692,41.54,RQZ720
19.065,72.891,1,1,9.657,41.715,RQZ721
19.065,72.9,1,1,9.757,41.215,RQZ722
19.065,72.904,1,1,9.719,41.405,RQZ723
19.065,72.908,1,1,9.836,40.82,RQZ724
19.066,72.846,1,1,9.935,40.324999999999996,RQZ725
19.066,72.862,2,2,9.846499999999999,30.767500000000005,RQZ726
19.066,72.866,1,1,9.652,41.74,RQZ727
19.066,72.868,1,1,9.739,41.30499999999999,RQZ728
19.066,72.888,1,1,9.877,40.614999999999995,RQZ729
19.066,72.891,1,1,9.841,40.795,RQZ730
19.066,72.894,1,1,9.814,40.93,RQZ731
19.066,72.895,1,1,9.698,41.51,RQZ732
19.067,72.847,1,1,9.803,40.985,RQZ733
19.067,72.855,1,1,9.968,40.16,RQZ734
19.067,72.874,1,1,9.707,41.464999999999996,RQZ735
19.067,72.876,1,1,9.9,40.5,RQZ736
19.067,72.883,1,1,9.799,41.005,RQZ737
19.067,72.897,1,1,9.839,40.805,RQZ738
19.067,72.9,1,1,9.831,40.845,RQZ739
19.067,72.909,1,1,9.661,41.695,RQZ740
19.068,72.852,1,1,9.848,40.76,RQZ741
19.068,72.857,1,1,9.694,41.529999999999994,RQZ742
19.068,72.865,1,1,9.86,40.7,RQZ743
19.068,72.892,1,1,9.86,40.7,RQZ744
19.068,72.897,1,1,9.964,40.18,RQZ745
19.069,72.85,1,1,9.812,40.940000000000005,RQZ746
19.069,72.882,1,1,9.846,40.769999999999996,RQZ747
19.069,72.886,1,1,9.799,41.005,RQZ748
19.069,72.896,1,1,9.912,40.44,RQZ749
19.069,72.899,1,1,9.809,40.955000000000005,RQZ750
19.069,72.903,1,1,9.929,40.355,RQZ751
19.07,72.879,1,1,9.871,40.644999999999996,RQZ752
19.07,72.887,1,1,9.798,41.01,RQZ753
19.07,72.888,1,1,9.795,41.025,RQZ754
19.07,72.889,1,1,9.814,40.93,RQZ755
19.07,72.89,1,1,9.745,41.275000000000006,RQZ756
19.07,72.898,1,1,9.808,40.96,RQZ757
19.07,72.9,1,1,9.843,40.785,RQZ758
19.071,72.859,1,1,9.899,40.505,RQZ759
19.071,72.861,1,1,9.934,40.330000000000005,RQZ760
19.071,72.865,1,1,9.855,40.724999999999994,RQZ761
19.071,72.875,1,1,9.705,41.475,RQZ762
19.071,72.877,1,1,9.856,40.72,RQZ763
19.071,72.883,1,1,9.907,40.465,RQZ764
19.071,72.888,1,1,9.887,40.565,RQZ765
19.071,72.89,1,1,10.121,39.394999999999996,RQZ766
19.071,72.891,1,1,9.869,40.655,RQZ767
19.071,72.896,1,1,10.013,39.935,RQZ768
19.071,72.901,1,1,9.797,41.015,RQZ769
19.072,72.88,1,1,9.878,40.61,RQZ770
19.072,72.885,1,1,9.805,40.975,RQZ771
19.072,72.892,1,1,9.877,40.614999999999995,RQZ772
19.072,72.893,1,1,9.745,41.275000000000006,RQZ773
19.072,72.895,1,1,9.746,41.269999999999996,RQZ774
19.072,72.899,1,1,9.807,40.964999999999996,RQZ775
19.073,72.877,1,1,9.655,41.725,RQZ776
19.073,72.883,1,1,9.957,40.214999999999996,RQZ777
19.073,72.887,1,1,9.854,40.730000000000004,RQZ778
19.073,72.891,1,1,9.637,41.815,RQZ779
19.074,72.847,1,1,9.819,40.904999999999994,RQZ780
19.074,72.859,1,1,9.944,40.279999999999994,RQZ781
19.074,72.86,1,1,9.626,41.870000000000005,RQZ782
19.074,72.874,1,1,9.735,41.325,RQZ783
19.074,72.888,1,1,9.867,40.66499999999999,RQZ784
19.074,72.897,1,1,9.933,40.335,RQZ785
19.075,72.863,1,1,9.851,40.745,RQZ786
19.075,72.864,1,1,9.812,40.940000000000005,RQZ787
19.075,72.872,1,1,9.915,40.425000000000004,RQZ788
19.075,72.881,1,1,9.858,40.709999999999994,RQZ789
19.075,72.89,1,1,9.789,41.055,RQZ790
19.075,72.895,1,1,9.702,41.49,RQZ791
19.075,72.896,1,1,9.829,40.855,RQZ792
19.075,72.897,1,1,9.675,41.625,RQZ793
19.075,72.899,1,1,9.788,41.06,RQZ794
19.075,72.902,2,1,9.801,30.994999999999997,RQZ795
19.076,72.846,1,1,9.931,40.345000000000006,RQZ796
19.076,72.876,1,1,9.794,41.03,RQZ797
19.076,72.879,2,2,9.721499999999999,31.392500000000005,RQZ798
19.076,72.88,1,1,9.939,40.305,RQZ799
19.076,72.886,2,1,9.91,30.450000000000003,RQZ800
19.076,72.887,1,1,9.73,41.349999999999994,RQZ801
19.076,72.892,1,1,9.732,41.34,RQZ802
19.077,72.847,1,1,9.778,41.11,RQZ803
19.077,72.851,1,1,9.835,40.824999999999996,RQZ804
19.077,72.853,1,1,9.81,40.949999999999996,RQZ805
19.077,72.854,1,1,9.814,40.93,RQZ806
19.077,72.863,1,1,9.706,41.47,RQZ807
19.077,72.864,1,1,9.805,40.975,RQZ808
19.077,72.891,1,1,9.687,41.565000000000005,RQZ809
19.077,72.896,1,1,9.57,42.15,RQZ810
19.078,72.851,2,2,9.8725,30.637499999999996,RQZ811
19.078,72.858,1,1,9.866,40.67,RQZ812
19.078,72.86,1,1,9.935,40.324999999999996,RQZ813
19.078,72.863,1,1,9.738,41.31,RQZ814
19.078,72.866,2,2,9.82,30.9,RQZ815
19.078,72.868,1,1,9.655,41.725,RQZ816
19.078,72.872,1,1,9.889,40.55500000000001,RQZ817
19.078,72.881,1,1,9.816,40.919999999999995,RQZ818
19.078,72.893,1,1,9.977,40.114999999999995,RQZ819
19.078,72.897,1,1,9.817,40.915,RQZ820
19.078,72.903,1,1,9.777,41.115,RQZ821
19.079,72.846,1,1,9.743,41.285,RQZ822
19.079,72.847,2,2,9.8565,30.7175,RQZ823
19.079,72.85,1,1,9.703,41.485,RQZ824
19.079,72.853,1,1,9.768,41.16,RQZ825
19.079,72.859,1,1,9.714,41.43,RQZ826
19.079,72.867,2,2,9.7775,31.112499999999997,RQZ827
19.079,72.872,2,2,9.929,30.354999999999997,RQZ828
19.079,72.876,1,1,9.782,41.09,RQZ829
19.079,72.877,1,1,9.845,40.775,RQZ830
19.079,72.88,1,1,9.881,40.595,RQZ831
19.079,72.885,1,1,9.773,41.135000000000005,RQZ832
19.079,72.889,1,1,9.725,41.375,RQZ833
19.079,72.89,1,1,9.778,41.11,RQZ834
19.079,72.902,1,1,9.907,40.465,RQZ835
19.08,72.848,1,1,9.922,40.39,RQZ836
19.08,72.853,1,1,9.724,41.379999999999995,RQZ837
19.08,72.854,1,1,9.953,40.235,RQZ838
19.08,72.859,1,1,9.688,41.559999999999995,RQZ839
19.08,72.86,1,1,9.813,40.934999999999995,RQZ840
19.08,72.863,1,1,9.685,41.574999999999996,RQZ841
19.08,72.866,1,1,9.85,40.75,RQZ842
19.08,72.873,2,1,9.7065,31.4675,RQZ843
19.08,72.879,1,1,9.857,40.715,RQZ844
19.08,72.882,1,1,9.924,40.38,RQZ845
19.08,72.891,1,1,9.754,41.230000000000004,RQZ846
19.08,72.897,1,1,9.731,41.345,RQZ847
19.081,72.849,1,1,9.772,41.14,RQZ848
19.081,72.854,2,1,9.847999999999999,30.760000000000005,RQZ849
19.081,72.86,1,1,9.717,41.415,RQZ850
19.081,72.868,2,2,9.718,31.409999999999997,RQZ851
19.081,72.872,1,1,9.703,41.485,RQZ852
19.081,72.873,1,1,9.773,41.135000000000005,RQZ853
19.081,72.875,1,1,9.733,41.334999999999994,RQZ854
19.081,72.878,1,1,9.954,40.23,RQZ855
19.081,72.884,1,1,9.833,40.835,RQZ856
19.081,72.889,1,1,9.995,40.025000000000006,RQZ857
19.081,72.89,1,1,9.86,40.7,RQZ858
19.081,72.902,1,1,9.669,41.655,RQZ859
19.081,72.904,1,1,9.641,41.795,RQZ860
19.081,72.906,1,1,9.756,41.22,RQZ861
19.082,72.847,1,1,10.102,39.489999999999995,RQZ862
19.082,72.848,1,1,9.816,40.919999999999995,RQZ863
19.082,72.858,2,2,9.7335,31.332500000000003,RQZ864
19.082,72.86,1,1,9.81,40.949999999999996,RQZ865
19.082,72.862,1,1,9.845,40.775,RQZ866
19.082,72.865,1,1,9.87,40.650000000000006,RQZ867
19.082,72.867,1,1,9.767,41.165000000000006,RQZ868
19.082,72.884,1,1,9.7,41.5,RQZ869
19.082,72.885,1,1,9.722,41.39,RQZ870
19.082,72.891,1,1,9.762,41.19,RQZ871
19.082,72.894,1,1,9.893,40.535,RQZ872
19.082,72.902,1,1,9.847,40.765,RQZ873
19.082,72.916,1,1,9.813,40.934999999999995,RQZ874
19.083,72.848,1,1,9.918,40.410000000000004,RQZ875
19.083,72.852,1,1,9.744,41.28,RQZ876
19.083,72.858,1,1,9.85,40.75,RQZ877
19.083,72.86,2,2,9.8215,30.8925,RQZ878
19.083,72.865,1,1,9.808,40.96,RQZ879
19.083,72.869,2,2,9.720500000000001,31.397499999999994,RQZ880
19.083,72.87,1,1,9.731,41.345,RQZ881
19.083,72.874,1,1,9.766,41.17,RQZ882
19.083,72.878,1,1,9.743,41.285,RQZ883
19.083,72.884,1,1,9.764,41.18000000000001,RQZ884
19.083,72.885,1,1,9.717,41.415,RQZ885
19.083,72.886,1,1,9.851,40.745,RQZ886
19.083,72.889,1,1,9.751,41.245000000000005,RQZ887
19.083,72.912,1,1,9.72,41.4,RQZ888
19.083,72.913,1,1,9.645,41.775000000000006,RQZ889
19.084,72.853,2,2,9.755500000000001,31.222499999999997,RQZ890
19.084,72.854,1,1,9.796,41.02,RQZ891
19.084,72.86,2,2,9.746,31.269999999999996,RQZ892
19.084,72.861,1,1,9.787,41.065,RQZ893
19.084,72.865,1,1,9.713,41.435,RQZ894
19.084,72.876,1,1,9.784,41.08,RQZ895
19.084,72.878,1,1,9.833,40.835,RQZ896
19.084,72.889,3,2,9.738333333333333,21.308333333333337,RQZ897
19.084,72.897,1,1,9.793,41.035000000000004,RQZ898
19.084,72.901,1,1,9.872,40.64,RQZ899
19.084,72.903,1,1,9.877,40.614999999999995,RQZ900
19.084,72.912,2,1,9.7795,31.1025,RQZ901
19.085,72.861,1,1,9.847,40.765,RQZ902
19.085,72.865,1,1,9.766,41.17,RQZ903
19.085,72.869,2,2,9.865,30.674999999999997,RQZ904
19.085,72.87,1,1,9.794,41.03,RQZ905
19.085,72.875,1,1,9.679,41.605,RQZ906
19.085,72.885,1,1,9.858,40.709999999999994,RQZ907
19.085,72.892,1,1,9.79,41.050000000000004,RQZ908
19.085,72.895,1,1,9.793,41.035000000000004,RQZ909
19.085,72.9,1,1,9.715,41.425,RQZ910
19.085,72.901,1,1,9.71,41.449999999999996,RQZ911
19.085,72.903,1,1,9.892,40.540000000000006,RQZ912
19.085,72.905,1,1,9.607,41.965,RQZ913
19.085,72.909,1,1,9.863,40.685,RQZ914
19.086,72.853,1,1,9.765,41.175,RQZ915
19.086,72.862,1,1,9.713,41.435,RQZ916
19.086,72.864,1,1,9.808,40.96,RQZ917
19.086,72.867,1,1,9.718,41.41,RQZ918
19.086,72.869,1,1,9.918,40.410000000000004,RQZ919
19.086,72.873,1,1,9.903,40.485,RQZ920
19.086,72.877,1,1,9.781,41.095,RQZ921
19.086,72.882,1,1,9.803,40.985,RQZ922
19.086,72.888,1,1,9.863,40.685,RQZ923
19.086,72.889,1,1,9.753,41.235,RQZ924
19.086,72.891,1,1,9.724,41.379999999999995,RQZ925
19.086,72.892,1,1,9.63,41.849999999999994,RQZ926
19.086,72.895,1,1,9.819,40.904999999999994,RQZ927
19.086,72.902,1,1,9.943,40.285000000000004,RQZ928
19.086,72.904,1,1,9.807,40.964999999999996,RQZ929
19.086,72.918,1,1,10.006,39.97,RQZ930
19.087,72.865,2,1,9.856,30.72,RQZ931
19.087,72.866,1,1,9.878,40.61,RQZ932
19.087,72.867,1,1,9.791,41.045,RQZ933
19.087,72.868,1,1,9.834,40.83,RQZ934
19.087,72.869,1,1,9.845,40.775,RQZ935
19.087,72.872,1,1,9.733,41.334999999999994,RQZ936
19.087,72.875,1,1,9.793,41.035000000000004,RQZ937
19.087,72.878,1,1,9.865,40.675,RQZ938
19.087,72.887,1,1,9.718,41.41,RQZ939
19.087,72.889,1,1,9.801,40.995,RQZ940
19.087,72.894,1,1,9.945,40.275,RQZ941
19.087,72.895,1,1,9.709,41.455,RQZ942
19.087,72.901,1,1,9.771,41.144999999999996,RQZ943
19.087,72.904,1,1,9.828,40.86,RQZ944
19.088,72.846,1,1,9.788,41.06,RQZ945
19.088,72.861,1,1,9.944,40.279999999999994,RQZ946
19.088,72.865,1,1,9.753,41.235,RQZ947
19.088,72.868,1,1,9.89,40.55,RQZ948
19.088,72.871,1,1,9.806,40.970000000000006,RQZ949
19.088,72.876,1,1,9.734,41.33,RQZ950
19.088,72.881,1,1,9.808,40.96,RQZ951
19.088,72.888,1,1,9.824,40.88,RQZ952
19.088,72.891,1,1,9.885,40.575,RQZ953
19.088,72.893,1,1,9.773,41.135000000000005,RQZ954
19.088,72.895,1,1,9.852,40.739999999999995,RQZ955
19.088,72.897,1,1,9.882,40.59,RQZ956
19.088,72.906,1,1,9.608,41.959999999999994,RQZ957
19.088,72.908,1,1,9.683,41.585,RQZ958
19.088,72.912,1,1,9.613,41.935,RQZ959
19.089,72.845,1,1,9.841,40.795,RQZ960
19.089,72.85,1,1,9.906,40.47,RQZ961
19.089,72.854,1,1,9.61,41.95,RQZ962
19.089,72.858,1,1,9.792,41.04,RQZ963
19.089,72.863,1,1,9.687,41.565000000000005,RQZ964
19.089,72.865,1,1,9.758,41.21000000000001,RQZ965
19.089,72.868,1,1,9.895,40.525000000000006,RQZ966
19.089,72.877,1,1,9.808,40.96,RQZ967
19.089,72.884,1,1,9.783,41.085,RQZ968
19.089,72.891,1,1,9.688,41.559999999999995,RQZ969
19.089,72.892,1,1,10.012,39.94,RQZ970
19.089,72.9,1,1,9.941,40.294999999999995,RQZ971
19.089,72.904,1,1,9.911,40.445,RQZ972
19.089,72.911,2,1,9.691,31.544999999999995,RQZ973
19.09,72.851,1,1,9.858,40.709999999999994,RQZ974
19.09,72.856,1,1,9.87,40.650000000000006,RQZ975
19.09,72.861,1,1,9.73,41.349999999999994,RQZ976
19.09,72.864,1,1,9.891,40.545,RQZ977
19.09,72.872,2,2,9.7415,31.292499999999997,RQZ978
19.09,72.88,1,1,9.897,40.515,RQZ979
19.09,72.886,2,1,9.7385,31.307499999999997,RQZ980
19.09,72.894,2,2,9.781500000000001,31.092499999999994,RQZ981
19.09,72.908,1,1,9.748,41.260000000000005,RQZ982
19.091,72.849,1,1,9.787,41.065,RQZ983
19.091,72.854,1,1,9.924,40.38,RQZ984
19.091,72.856,1,1,9.831,40.845,RQZ985
19.091,72.861,1,1,9.824,40.88,RQZ986
19.091,72.868,1,1,9.692,41.54,RQZ987
19.091,72.873,1,1,9.717,41.415,RQZ988
19.091,72.885,2,1,9.837,30.814999999999998,RQZ989
19.091,72.898,1,1,9.821,40.895,RQZ990
19.091,72.9,1,1,9.803,40.985,RQZ991
19.091,72.908,1,1,9.695,41.525,RQZ992
19.091,72.912,1,1,9.713,41.435,RQZ993
19.091,72.917,1,1,9.793,41.035000000000004,RQZ994
19.092,72.86,1,1,9.85,40.75,RQZ995
19.092,72.862,1,1,9.917,40.415,RQZ996
19.092,72.864,1,1,9.746,41.269999999999996,RQZ997
19.092,72.868,1,1,9.813,40.934999999999995,RQZ998
19.092,72.872,1,1,9.764,41.18000000000001,RQZ999
19.092,72.878,1,1,9.718,41.41,RQZ1000
19.092,72.88,2,2,9.777999999999999,31.110000000000007,RQZ1001
19.092,72.883,1,1,9.76,41.2,RQZ1002
19.092,72.886,1,1,9.789,41.055,RQZ1003
19.092,72.888,1,1,9.667,41.665,RQZ1004
19.092,72.889,1,1,9.815,40.925000000000004,RQZ1005
19.092,72.89,1,1,9.887,40.565,RQZ1006
19.092,72.891,1,1,9.777,41.115,RQZ1007
19.092,72.897,1,1,9.82,40.9,RQZ1008
19.092,72.901,1,1,9.87,40.650000000000006,RQZ1009
19.092,72.905,1,1,9.741,41.295,RQZ1010
19.093,72.843,1,1,9.712,41.44,RQZ1011
19.093,72.863,1,1,9.66,41.7,RQZ1012
19.093,72.864,1,1,9.867,40.66499999999999,RQZ1013
19.093,72.865,1,1,9.886,40.57000000000001,RQZ1014
19.093,72.877,1,1,9.741,41.295,RQZ1015
19.093,72.878,1,1,9.769,41.155,RQZ1016
19.093,72.883,1,1,9.835,40.824999999999996,RQZ1017
19.093,72.886,1,1,9.842,40.79,RQZ1018
19.093,72.893,1,1,9.815,40.925000000000004,RQZ1019
19.093,72.9,1,1,9.756,41.22,RQZ1020
19.093,72.901,1,1,9.859,40.705,RQZ1021
19.093,72.905,1,1,9.776,41.120000000000005,RQZ1022
19.093,72.91,1,1,9.834,40.83,RQZ1023
19.094,72.854,1,1,9.729,41.355000000000004,RQZ1024
19.094,72.855,1,1,9.679,41.605,RQZ1025
19.094,72.856,1,1,9.747,41.265,RQZ1026
19.094,72.867,1,1,9.723,41.385,RQZ1027
19.094,72.869,1,1,9.664,41.68,RQZ1028
19.094,72.886,1,1,9.777,41.115,RQZ1029
19.094,72.887,1,1,9.682,41.589999999999996,RQZ1030
19.094,72.891,1,1,9.648,41.760000000000005,RQZ1031
19.094,72.894,1,1,9.77,41.150000000000006,RQZ1032
19.094,72.897,1,1,9.873,40.635000000000005,RQZ1033
19.094,72.907,1,1,9.821,40.895,RQZ1034
19.094,72.913,1,1,9.511,42.44500000000001,RQZ1035
19.095,72.846,1,1,9.801,40.995,RQZ1036
19.095,72.851,1,1,9.708,41.46,RQZ1037
19.095,72.857,1,1,9.957,40.214999999999996,RQZ1038
19.095,72.858,1,1,9.813,40.934999999999995,RQZ1039
19.095,72.862,1,1,9.696,41.52,RQZ1040
19.095,72.866,1,1,9.752,41.239999999999995,RQZ1041
19.095,72.872,1,1,9.891,40.545,RQZ1042
19.095,72.874,1,1,9.814,40.93,RQZ1043
19.095,72.875,1,1,9.602,41.989999999999995,RQZ1044
19.095,72.876,1,1,9.842,40.79,RQZ1045
19.095,72.877,1,1,9.8,41.0,RQZ1046
19.095,72.878,1,1,9.912,40.44,RQZ1047
19.095,72.88,1,1,9.938,40.309999999999995,RQZ1048
19.095,72.895,1,1,9.898,40.510000000000005,RQZ1049
19.095,72.896,1,1,9.794,41.03,RQZ1050
19.095,72.905,1,1,9.842,40.79,RQZ1051
19.095,72.906,1,1,9.741,41.295,RQZ1052
19.095,72.907,1,1,9.779,41.105000000000004,RQZ1053
19.095,72.918,1,1,9.787,41.065,RQZ1054
19.096,72.845,1,1,9.746,41.269999999999996,RQZ1055
19.096,72.863,1,1,9.722,41.39,RQZ1056
19.096,72.866,1,1,9.849,40.754999999999995,RQZ1057
19.096,72.867,2,2,9.7905,31.0475,RQZ1058
19.096,72.872,1,1,9.863,40.685,RQZ1059
19.096,72.883,1,1,9.831,40.845,RQZ1060
19.096,72.889,1,1,9.838,40.81,RQZ1061
19.096,72.891,1,1,9.873,40.635000000000005,RQZ1062
19.096,72.906,1,1,9.945,40.275,RQZ1063
19.096,72.913,2,1,9.7635,31.182499999999997,RQZ1064
19.097,72.854,1,1,9.787,41.065,RQZ1065
19.097,72.865,1,1,9.798,41.01,RQZ1066
19.097,72.869,1,1,9.7,41.5,RQZ1067
19.097,72.883,1,1,9.635,41.825,RQZ1068
19.097,72.886,1,1,9.753,41.235,RQZ1069
19.097,72.888,1,1,9.766,41.17,RQZ1070
19.097,72.889,1,1,9.962,40.19,RQZ1071
19.097,72.896,2,2,9.7645,31.177500000000002,RQZ1072
19.097,72.901,1,1,9.765,41.175,RQZ1073
19.097,72.909,1,1,9.749,41.254999999999995,RQZ1074
19.097,72.913,1,1,9.784,41.08,RQZ1075
19.098,72.851,1,1,9.816,40.919999999999995,RQZ1076
19.098,72.855,1,1,9.851,40.745,RQZ1077
19.098,72.857,2,1,9.8725,30.637499999999996,RQZ1078
19.098,72.859,1,1,9.789,41.055,RQZ1079
19.098,72.862,1,1,9.723,41.385,RQZ1080
19.098,72.864,1,1,9.765,41.175,RQZ1081
19.098,72.875,1,1,9.794,41.03,RQZ1082
19.098,72.877,1,1,9.726,41.37,RQZ1083
19.098,72.879,2,1,9.9505,30.247500000000002,RQZ1084
19.098,72.883,1,1,9.727,41.364999999999995,RQZ1085
19.098,72.889,1,1,9.794,41.03,RQZ1086
19.098,72.898,1,1,9.819,40.904999999999994,RQZ1087
19.099,72.858,1,1,9.676,41.62,RQZ1088
19.099,72.861,1,1,9.898,40.510000000000005,RQZ1089
19.099,72.864,1,1,9.812,40.940000000000005,RQZ1090
19.099,72.869,1,1,9.708,41.46,RQZ1091
19.099,72.873,1,1,9.646,41.769999999999996,RQZ1092
19.099,72.874,1,1,9.816,40.919999999999995,RQZ1093
19.099,72.876,1,1,9.861,40.69499999999999,RQZ1094
19.099,72.88,1,1,9.913,40.435,RQZ1095
19.099,72.883,1,1,9.907,40.465,RQZ1096
19.099,72.895,2,1,9.676,31.619999999999997,RQZ1097
19.099,72.901,1,1,9.837,40.815,RQZ1098
19.1,72.845,1,1,9.82,40.9,RQZ1099
19.1,72.86,1,1,9.802,40.99,RQZ1100
19.1,72.865,1,1,9.695,41.525,RQZ1101
19.1,72.867,1,1,9.645,41.775000000000006,RQZ1102
19.1,72.871,1,1,9.762,41.19,RQZ1103
19.1,72.873,2,2,9.802,30.990000000000002,RQZ1104
19.1,72.876,1,1,9.927,40.365,RQZ1105
19.1,72.884,1,1,9.692,41.54,RQZ1106
19.1,72.895,1,1,9.742,41.28999999999999,RQZ1107
19.1,72.902,1,1,9.794,41.03,RQZ1108
19.1,72.907,1,1,9.613,41.935,RQZ1109
19.1,72.91,1,1,9.893,40.535,RQZ1110
19.101,72.854,1,1,9.851,40.745,RQZ1111
19.101,72.861,1,1,9.751,41.245000000000005,RQZ1112
19.101,72.875,1,1,9.878,40.61,RQZ1113
19.101,72.88,1,1,9.779,41.105000000000004,RQZ1114
19.101,72.891,3,2,9.773,21.135000000000005,RQZ1115
19.101,72.892,2,1,9.809999999999999,30.950000000000003,RQZ1116
19.101,72.896,1,1,9.829,40.855,RQZ1117
19.101,72.9,1,1,9.882,40.59,RQZ1118
19.101,72.903,1,1,9.756,41.22,RQZ1119
19.101,72.908,1,1,9.84,40.8,RQZ1120
19.102,72.846,1,1,9.64,41.8,RQZ1121
19.102,72.853,2,1,9.7255,31.372500000000002,RQZ1122
19.102,72.859,1,1,9.718,41.41,RQZ1123
19.102,72.861,1,1,9.86,40.7,RQZ1124
19.102,72.882,1,1,9.835,40.824999999999996,RQZ1125
19.102,72.891,1,1,9.86,40.7,RQZ1126
19.102,72.892,1,1,9.933,40.335,RQZ1127
19.102,72.894,1,1,9.847,40.765,RQZ1128
19.102,72.916,1,1,9.678,41.61,RQZ1129
19.103,72.852,1,1,9.829,40.855,RQZ1130
19.103,72.853,1,1,9.755,41.224999999999994,RQZ1131
19.103,72.858,1,1,9.79,41.050000000000004,RQZ1132
19.103,72.865,1,1,9.83,40.85,RQZ1133
19.103,72.888,1,1,9.77,41.150000000000006,RQZ1134
19.103,72.891,2,2,9.811499999999999,30.94250000000001,RQZ1135
19.103,72.9,1,1,9.878,40.61,RQZ1136
19.103,72.902,1,1,9.812,40.940000000000005,RQZ1137
19.103,72.903,1,1,9.835,40.824999999999996,RQZ1138
19.103,72.904,1,1,9.779,41.105000000000004,RQZ1139
19.103,72.905,1,1,9.782,41.09,RQZ1140
19.104,72.871,1,1,9.833,40.835,RQZ1141
19.104,72.89,1,1,9.799,41.005,RQZ1142
19.104,72.9,1,1,9.755,41.224999999999994,RQZ1143
19.104,72.91,1,1,9.81,40.949999999999996,RQZ1144
19.105,72.872,1,1,9.746,41.269999999999996,RQZ1145
19.105,72.888,1,1,9.868,40.66,RQZ1146
19.105,72.894,1,1,9.792,41.04,RQZ1147
19.105,72.895,1,1,9.684,41.580000000000005,RQZ1148
19.105,72.896,1,1,9.777,41.115,RQZ1149
19.105,72.899,1,1,9.853,40.735,RQZ1150
19.105,72.907,1,1,9.786,41.07,RQZ1151
19.105,72.908,1,1,9.87,40.650000000000006,RQZ1152
19.106,72.875,1,1,9.725,41.375,RQZ1153
19.106,72.885,1,1,9.711,41.445,RQZ1154
19.106,72.896,1,1,9.711,41.445,RQZ1155
19.106,72.901,1,1,9.7,41.5,RQZ1156
19.106,72.905,1,1,9.728,41.36,RQZ1157
19.106,72.906,1,1,9.819,40.904999999999994,RQZ1158
19.106,72.918,1,1,9.777,41.115,RQZ1159
19.107,72.878,1,1,9.823,40.885,RQZ1160
19.107,72.882,1,1,9.772,41.14,RQZ1161
19.107,72.893,2,2,9.831499999999998,30.84250000000001,RQZ1162
19.107,72.898,1,1,9.788,41.06,RQZ1163
19.108,72.893,1,1,9.939,40.305,RQZ1164
19.109,72.876,1,1,9.8,41.0,RQZ1165
19.109,72.889,1,1,9.82,40.9,RQZ1166
19.109,72.895,1,1,9.881,40.595,RQZ1167
19.11,72.89,1,1,9.729,41.355000000000004,RQZ1168
28.592,77.209,1,1,9.722,41.39,RQZ1169
28.593,77.203,1,1,9.931,40.345000000000006,RQZ1170
28.593,77.218,1,1,9.908,40.46,RQZ1171
28.593,77.221,1,1,9.866,40.67,RQZ1172
28.593,77.222,1,1,9.842,40.79,RQZ1173
28.593,77.224,1,1,9.932,40.339999999999996,RQZ1174
28.593,77.226,1,1,9.848,40.76,RQZ1175
28.594,77.204,1,1,9.785,41.075,RQZ1176
28.594,77.206,1,1,9.715,41.425,RQZ1177
28.594,77.207,1,1,9.624,41.879999999999995,RQZ1178
28.594,77.209,1,1,9.762,41.19,RQZ1179
28.594,77.213,1,1,9.743,41.285,RQZ1180
28.594,77.214,1,1,9.766,41.17,RQZ1181
28.594,77.216,1,1,9.813,40.934999999999995,RQZ1182
28.594,77.22,2,1,9.7595,31.2025,RQZ1183
28.595,77.208,1,1,9.814,40.93,RQZ1184
28.595,77.211,1,1,9.681,41.595000000000006,RQZ1185
28.595,77.212,1,1,9.822,40.89,RQZ1186
28.595,77.216,1,1,9.817,40.915,RQZ1187
28.595,77.224,1,1,9.662,41.69,RQZ1188
28.595,77.226,1,1,9.714,41.43,RQZ1189
28.596,77.203,1,1,9.761,41.19500000000001,RQZ1190
28.596,77.204,1,1,9.716,41.42,RQZ1191
28.596,77.223,1,1,9.687,41.565000000000005,RQZ1192
28.596,77.224,1,1,9.748,41.260000000000005,RQZ1193
28.596,77.225,1,1,9.836,40.82,RQZ1194
28.597,77.207,1,1,9.673,41.635,RQZ1195
28.597,77.208,2,1,9.761500000000002,31.192499999999995,RQZ1196
28.597,77.209,1,1,9.784,41.08,RQZ1197
28.597,77.211,1,1,9.768,41.16,RQZ1198
28.597,77.214,1,1,9.879,40.605000000000004,RQZ1199
28.597,77.217,1,1,9.641,41.795,RQZ1200
28.597,77.218,1,1,9.877,40.614999999999995,RQZ1201
28.598,77.201,1,1,9.676,41.62,RQZ1202
28.598,77.204,2,1,9.783000000000001,31.084999999999994,RQZ1203
28.598,77.215,1,1,9.739,41.30499999999999,RQZ1204
28.598,77.228,1,1,9.73,41.349999999999994,RQZ1205
28.599,77.208,1,1,9.726,41.37,RQZ1206
28.599,77.215,1,1,9.948,40.26,RQZ1207
28.599,77.217,1,1,9.692,41.54,RQZ1208
28.599,77.218,1,1,9.807,40.964999999999996,RQZ1209
28.599,77.22,1,1,9.678,41.61,RQZ1210
28.599,77.221,1,1,9.73,41.349999999999994,RQZ1211
28.599,77.222,1,1,9.795,41.025,RQZ1212
28.6,77.214,1,1,9.822,40.89,RQZ1213
28.6,77.215,1,1,9.577,42.115,RQZ1214
28.6,77.221,1,1,9.746,41.269999999999996,RQZ1215
28.6,77.228,1,1,9.758,41.21000000000001,RQZ1216
28.601,77.202,1,1,9.751,41.245000000000005,RQZ1217
28.601,77.21,1,1,9.901,40.495000000000005,RQZ1218
28.601,77.217,1,1,9.738,41.31,RQZ1219
28.601,77.221,1,1,9.765,41.175,RQZ1220
28.602,77.213,1,1,9.692,41.54,RQZ1221
28.602,77.217,1,1,9.843,40.785,RQZ1222
28.603,77.195,1,1,9.904,40.480000000000004,RQZ1223
28.603,77.21,1,1,9.817,40.915,RQZ1224
28.603,77.211,1,1,9.788,41.06,RQZ1225
28.603,77.225,1,1,9.687,41.565000000000005,RQZ1226
28.604,77.195,1,1,9.652,41.74,RQZ1227
28.604,77.202,2,2,9.7715,31.1425,RQZ1228
28.604,77.204,4,2,9.840499999999999,10.797500000000007,RQZ1229
28.604,77.209,1,1,9.812,40.940000000000005,RQZ1230
28.604,77.216,2,1,9.777000000000001,31.114999999999995,RQZ1231
28.604,77.224,1,1,9.765,41.175,RQZ1232
28.604,77.225,1,1,9.826,40.87,RQZ1233
28.605,77.202,1,1,9.869,40.655,RQZ1234
28.605,77.205,1,1,9.711,41.445,RQZ1235
28.606,77.191,1,1,9.724,41.379999999999995,RQZ1236
28.606,77.194,1,1,9.824,40.88,RQZ1237
28.606,77.196,1,1,9.72,41.4,RQZ1238
28.606,77.197,1,1,9.892,40.540000000000006,RQZ1239
28.606,77.204,1,1,9.887,40.565,RQZ1240
28.606,77.206,1,1,9.684,41.580000000000005,RQZ1241
28.606,77.209,1,1,9.756,41.22,RQZ1242
28.606,77.21,1,1,9.672,41.64,RQZ1243
28.606,77.214,1,1,9.836,40.82,RQZ1244
28.606,77.215,2,1,9.8415,30.792500000000004,RQZ1245
28.606,77.216,2,2,9.7925,31.037499999999994,RQZ1246
28.606,77.218,1,1,9.868,40.66,RQZ1247
28.606,77.221,1,1,9.741,41.295,RQZ1248
28.607,77.189,1,1,9.862,40.69,RQZ1249
28.607,77.194,1,1,9.796,41.02,RQZ1250
28.607,77.199,1,1,9.86,40.7,RQZ1251
28.607,77.201,1,1,9.794,41.03,RQZ1252
28.607,77.202,2,1,9.8205,30.897500000000008,RQZ1253
28.607,77.203,2,2,9.845500000000001,30.772499999999994,RQZ1254
28.607,77.207,1,1,9.754,41.230000000000004,RQZ1255
28.607,77.208,1,1,9.632,41.84,RQZ1256
28.607,77.21,1,1,9.741,41.295,RQZ1257
28.607,77.212,1,1,9.829,40.855,RQZ1258
28.607,77.222,1,1,9.795,41.025,RQZ1259
28.607,77.226,1,1,9.837,40.815,RQZ1260
28.608,77.186,2,1,9.778500000000001,31.107499999999995,RQZ1261
28.608,77.188,1,1,9.894,40.53,RQZ1262
28.608,77.196,2,2,9.837,30.814999999999998,RQZ1263
28.608,77.197,1,1,9.634,41.83,RQZ1264
28.608,77.198,1,1,9.676,41.62,RQZ1265
28.608,77.201,2,2,9.743500000000001,31.2825,RQZ1266
28.608,77.203,1,1,9.723,41.385,RQZ1267
28.608,77.204,2,2,9.738,31.310000000000002,RQZ1268
28.608,77.205,1,1,9.713,41.435,RQZ1269
28.608,77.207,1,1,9.651,41.745000000000005,RQZ1270
28.608,77.209,3,3,9.799333333333335,21.003333333333323,RQZ1271
28.608,77.21,1,1,9.772,41.14,RQZ1272
28.608,77.212,1,1,9.851,40.745,RQZ1273
28.608,77.216,1,1,9.763,41.185,RQZ1274
28.608,77.218,1,1,9.768,41.16,RQZ1275
28.608,77.222,1,1,9.81,40.949999999999996,RQZ1276
28.608,77.224,1,1,9.752,41.239999999999995,RQZ1277
28.609,77.181,1,1,9.801,40.995,RQZ1278
28.609,77.198,1,1,9.744,41.28,RQZ1279
28.609,77.203,1,1,9.742,41.28999999999999,RQZ1280
28.609,77.207,2,2,9.746500000000001,31.2675,RQZ1281
28.609,77.208,1,1,9.925,40.375,RQZ1282
28.609,77.21,2,2,9.795,31.025,RQZ1283
28.609,77.213,1,1,9.8,41.0,RQZ1284
28.609,77.214,1,1,9.699,41.505,RQZ1285
28.609,77.218,1,1,9.763,41.185,RQZ1286
28.609,77.219,1,1,9.622,41.89,RQZ1287
28.609,77.227,1,1,9.796,41.02,RQZ1288
28.61,77.191,1,1,9.883,40.58500000000001,RQZ1289
28.61,77.194,1,1,9.753,41.235,RQZ1290
28.61,77.196,1,1,9.836,40.82,RQZ1291
28.61,77.197,1,1,9.815,40.925000000000004,RQZ1292
28.61,77.198,1,1,9.856,40.72,RQZ1293
28.61,77.199,2,2,9.8355,30.822500000000005,RQZ1294
28.61,77.2,1,1,9.827,40.865,RQZ1295
28.61,77.203,1,1,9.741,41.295,RQZ1296
28.61,77.206,1,1,9.803,40.985,RQZ1297
28.61,77.207,1,1,9.757,41.215,RQZ1298
28.61,77.208,2,1,9.823,30.884999999999998,RQZ1299
28.61,77.209,2,2,9.7935,31.0325,RQZ1300
28.61,77.217,1,1,9.828,40.86,RQZ1301
28.61,77.226,1,1,9.684,41.580000000000005,RQZ1302
28.611,77.182,1,1,9.805,40.975,RQZ1303
28.611,77.19,1,1,9.729,41.355000000000004,RQZ1304
28.611,77.194,2,2,9.8315,30.8425,RQZ1305
28.611,77.196,2,1,9.761,31.195000000000007,RQZ1306
28.611,77.198,1,1,9.813,40.934999999999995,RQZ1307
28.611,77.201,2,2,9.891,30.545,RQZ1308
28.611,77.203,2,1,9.804,30.979999999999997,RQZ1309
28.611,77.206,1,1,9.773,41.135000000000005,RQZ1310
28.611,77.207,2,2,9.885000000000002,30.57499999999999,RQZ1311
28.611,77.209,2,1,9.8215,30.8925,RQZ1312
28.611,77.211,2,1,9.794,31.03,RQZ1313
28.611,77.215,2,2,9.7395,31.302500000000002,RQZ1314
28.611,77.218,1,1,9.913,40.435,RQZ1315
28.612,77.191,1,1,9.771,41.144999999999996,RQZ1316
28.612,77.195,1,1,9.703,41.485,RQZ1317
28.612,77.196,1,1,9.836,40.82,RQZ1318
28.612,77.199,1,1,9.756,41.22,RQZ1319
28.612,77.2,1,1,9.756,41.22,RQZ1320
28.612,77.203,2,2,9.6705,31.647499999999994,RQZ1321
28.612,77.204,1,1,9.719,41.405,RQZ1322
28.612,77.205,1,1,9.803,40.985,RQZ1323
28.612,77.207,2,2,9.7715,31.1425,RQZ1324
28.612,77.209,2,1,9.7895,31.052499999999995,RQZ1325
28.612,77.21,1,1,9.802,40.99,RQZ1326
28.612,77.214,1,1,9.818,40.910000000000004,RQZ1327
28.612,77.224,1,1,9.592,42.04,RQZ1328
28.612,77.226,1,1,9.706,41.47,RQZ1329
28.612,77.227,1,1,9.711,41.445,RQZ1330
28.613,77.185,1,1,9.774,41.13,RQZ1331
28.613,77.187,1,1,9.905,40.475,RQZ1332
28.613,77.188,1,1,9.765,41.175,RQZ1333
28.613,77.194,1,1,9.86,40.7,RQZ1334
28.613,77.195,2,2,9.933499999999999,30.33250000000001,RQZ1335
28.613,77.196,1,1,9.714,41.43,RQZ1336
28.613,77.197,1,1,9.778,41.11,RQZ1337
28.613,77.199,1,1,9.729,41.355000000000004,RQZ1338
28.613,77.2,1,1,9.869,40.655,RQZ1339
28.613,77.201,1,1,9.855,40.724999999999994,RQZ1340
28.613,77.202,1,1,9.813,40.934999999999995,RQZ1341
28.613,77.203,3,3,9.783,21.085,RQZ1342
28.613,77.204,1,1,9.724,41.379999999999995,RQZ1343
28.613,77.205,3,1,9.785333333333334,21.07333333333333,RQZ1344
28.613,77.208,2,2,9.7435,31.282500000000006,RQZ1345
28.613,77.209,1,1,9.97,40.15,RQZ1346
28.613,77.211,2,1,9.824,30.880000000000003,RQZ1347
28.613,77.213,1,1,9.816,40.919999999999995,RQZ1348
28.613,77.215,1,1,9.743,41.285,RQZ1349
28.613,77.216,1,1,9.695,41.525,RQZ1350
28.613,77.217,1,1,9.671,41.645,RQZ1351
28.613,77.218,1,1,9.844,40.78,RQZ1352
28.613,77.219,1,1,9.809,40.955000000000005,RQZ1353
28.614,77.179,1,1,9.707,41.464999999999996,RQZ1354
28.614,77.181,1,1,9.677,41.615,RQZ1355
28.614,77.193,1,1,9.837,40.815,RQZ1356
28.614,77.194,1,1,9.87,40.650000000000006,RQZ1357
28.614,77.195,1,1,9.818,40.910000000000004,RQZ1358
28.614,77.198,1,1,9.742,41.28999999999999,RQZ1359
28.614,77.202,2,2,9.76,31.200000000000003,RQZ1360
28.614,77.204,1,1,9.743,41.285,RQZ1361
28.614,77.208,1,1,9.925,40.375,RQZ1362
28.614,77.209,1,1,9.674,41.63,RQZ1363
28.614,77.21,1,1,9.84,40.8,RQZ1364
28.614,77.211,2,2,9.8065,30.9675,RQZ1365
28.614,77.212,2,2,9.795,31.025,RQZ1366
28.614,77.216,1,1,9.864,40.67999999999999,RQZ1367
28.614,77.217,1,1,9.88,40.599999999999994,RQZ1368
28.614,77.22,1,1,9.595,42.025,RQZ1369
28.614,77.226,1,1,9.773,41.135000000000005,RQZ1370
28.615,77.184,1,1,9.794,41.03,RQZ1371
28.615,77.186,1,1,9.953,40.235,RQZ1372
28.615,77.192,1,1,9.752,41.239999999999995,RQZ1373
28.615,77.193,3,2,9.802,20.990000000000002,RQZ1374
28.615,77.194,1,1,9.711,41.445,RQZ1375
28.615,77.196,3,2,9.831000000000001,20.84499999999999,RQZ1376
28.615,77.197,1,1,9.651,41.745000000000005,RQZ1377
28.615,77.199,2,2,9.7935,31.0325,RQZ1378
28.615,77.203,1,1,9.828,40.86,RQZ1379
28.615,77.204,1,1,9.812,40.940000000000005,RQZ1380
28.615,77.206,2,1,9.8295,30.852500000000006,RQZ1381
28.615,77.207,1,1,9.781,41.095,RQZ1382
28.615,77.208,5,2,9.8566,0.7169999999999987,RQZ1383
28.615,77.209,1,1,9.967,40.165,RQZ1384
28.615,77.21,2,2,9.7645,31.177500000000002,RQZ1385
28.615,77.211,2,2,9.6915,31.542500000000004,RQZ1386
28.615,77.213,1,1,9.818,40.910000000000004,RQZ1387
28.615,77.215,1,1,9.867,40.66499999999999,RQZ1388
28.615,77.218,1,1,9.933,40.335,RQZ1389
28.615,77.219,1,1,9.655,41.725,RQZ1390
28.615,77.221,1,1,9.747,41.265,RQZ1391
28.615,77.222,1,1,9.774,41.13,RQZ1392
28.615,77.223,1,1,9.788,41.06,RQZ1393
28.616,77.179,2,1,9.7945,31.027500000000003,RQZ1394
28.616,77.18,1,1,9.726,41.37,RQZ1395
28.616,77.185,1,1,9.773,41.135000000000005,RQZ1396
28.616,77.193,1,1,9.772,41.14,RQZ1397
28.616,77.194,1,1,9.792,41.04,RQZ1398
28.616,77.196,1,1,9.715,41.425,RQZ1399
28.616,77.197,1,1,9.726,41.37,RQZ1400
28.616,77.198,1,1,9.719,41.405,RQZ1401
28.616,77.199,2,1,9.783999999999999,31.080000000000005,RQZ1402
28.616,77.201,2,2,9.743500000000001,31.2825,RQZ1403
28.616,77.203,4,4,9.779499999999999,11.102500000000006,RQZ1404
28.616,77.204,1,1,9.677,41.615,RQZ1405
28.616,77.205,2,1,9.836500000000001,30.817499999999995,RQZ1406
28.616,77.206,2,1,9.7725,31.137499999999996,RQZ1407
28.616,77.207,1,1,9.802,40.99,RQZ1408
28.616,77.208,1,1,9.808,40.96,RQZ1409
28.616,77.209,1,1,9.808,40.96,RQZ1410
28.616,77.212,4,2,9.758,11.210000000000008,RQZ1411
28.616,77.213,1,1,9.627,41.864999999999995,RQZ1412
28.616,77.214,1,1,9.646,41.769999999999996,RQZ1413
28.616,77.215,1,1,9.645,41.775000000000006,RQZ1414
28.616,77.222,1,1,9.843,40.785,RQZ1415
28.617,77.184,1,1,9.763,41.185,RQZ1416
28.617,77.193,3,3,9.848333333333334,20.758333333333326,RQZ1417
28.617,77.194,1,1,9.81,40.949999999999996,RQZ1418
28.617,77.196,1,1,9.823,40.885,RQZ1419
28.617,77.197,1,1,9.953,40.235,RQZ1420
28.617,77.198,1,1,9.788,41.06,RQZ1421
28.617,77.2,1,1,9.906,40.47,RQZ1422
28.617,77.201,1,1,9.585,42.074999999999996,RQZ1423
28.617,77.202,1,1,9.845,40.775,RQZ1424
28.617,77.203,3,3,9.868666666666668,20.65666666666666,RQZ1425
28.617,77.206,1,1,9.745,41.275000000000006,RQZ1426
28.617,77.208,1,1,9.759,41.205,RQZ1427
28.617,77.209,1,1,9.753,41.235,RQZ1428
28.617,77.213,2,2,9.8985,30.5075,RQZ1429
28.617,77.216,1,1,9.793,41.035000000000004,RQZ1430
28.617,77.217,1,1,9.742,41.28999999999999,RQZ1431
28.617,77.224,1,1,9.799,41.005,RQZ1432
28.617,77.225,1,1,9.619,41.905,RQZ1433
28.618,77.178,1,1,9.862,40.69,RQZ1434
28.618,77.181,1,1,9.784,41.08,RQZ1435
28.618,77.185,1,1,9.699,41.505,RQZ1436
28.618,77.19,3,2,9.796333333333333,21.01833333333333,RQZ1437
28.618,77.191,1,1,9.881,40.595,RQZ1438
28.618,77.192,1,1,9.892,40.540000000000006,RQZ1439
28.618,77.193,1,1,9.828,40.86,RQZ1440
28.618,77.194,1,1,9.824,40.88,RQZ1441
28.618,77.195,1,1,9.809,40.955000000000005,RQZ1442
28.618,77.197,1,1,9.752,41.239999999999995,RQZ1443
28.618,77.199,1,1,9.896,40.519999999999996,RQZ1444
28.618,77.201,2,2,9.7895,31.052499999999995,RQZ1445
28.618,77.202,1,1,9.773,41.135000000000005,RQZ1446
28.618,77.204,1,1,9.795,41.025,RQZ1447
28.618,77.205,1,1,9.656,41.72,RQZ1448
28.618,77.207,2,2,9.812999999999999,30.935000000000002,RQZ1449
28.618,77.209,1,1,9.77,41.150000000000006,RQZ1450
28.618,77.21,1,1,9.864,40.67999999999999,RQZ1451
28.618,77.213,1,1,9.729,41.355000000000004,RQZ1452
28.618,77.217,1,1,9.672,41.64,RQZ1453
28.618,77.222,1,1,9.78,41.1,RQZ1454
28.619,77.179,1,1,9.688,41.559999999999995,RQZ1455
28.619,77.182,1,1,9.929,40.355,RQZ1456
28.619,77.188,1,1,9.691,41.544999999999995,RQZ1457
28.619,77.19,1,1,9.688,41.559999999999995,RQZ1458
28.619,77.191,1,1,9.849,40.754999999999995,RQZ1459
28.619,77.192,1,1,9.795,41.025,RQZ1460
28.619,77.194,2,2,9.76,31.200000000000003,RQZ1461
28.619,77.195,1,1,9.891,40.545,RQZ1462
28.619,77.197,1,1,9.849,40.754999999999995,RQZ1463
28.619,77.202,1,1,9.814,40.93,RQZ1464
28.619,77.205,1,1,9.871,40.644999999999996,RQZ1465
28.619,77.206,1,1,9.858,40.709999999999994,RQZ1466
28.619,77.207,2,2,9.705,31.475,RQZ1467
28.619,77.208,1,1,9.943,40.285000000000004,RQZ1468
28.619,77.21,1,1,9.793,41.035000000000004,RQZ1469
28.619,77.213,1,1,9.886,40.57000000000001,RQZ1470
28.619,77.215,1,1,9.893,40.535,RQZ1471
28.619,77.216,1,1,9.764,41.18000000000001,RQZ1472
28.619,77.217,2,1,9.815999999999999,30.92,RQZ1473
28.62,77.192,1,1,9.653,41.735,RQZ1474
28.62,77.193,2,1,9.7915,31.042500000000004,RQZ1475
28.62,77.194,2,2,9.902000000000001,30.489999999999995,RQZ1476
28.62,77.195,2,2,9.7595,31.2025,RQZ1477
28.62,77.196,1,1,9.846,40.769999999999996,RQZ1478
28.62,77.202,3,3,9.813333333333334,20.93333333333333,RQZ1479
28.62,77.208,1,1,9.809,40.955000000000005,RQZ1480
28.62,77.209,1,1,9.839,40.805,RQZ1481
28.62,77.213,2,1,9.822,30.89,RQZ1482
28.62,77.215,1,1,9.884,40.58,RQZ1483
28.62,77.219,1,1,9.912,40.44,RQZ1484
28.621,77.181,1,1,9.759,41.205,RQZ1485
28.621,77.191,1,1,9.768,41.16,RQZ1486
28.621,77.193,2,2,9.887,30.564999999999998,RQZ1487
28.621,77.194,1,1,9.863,40.685,RQZ1488
28.621,77.195,2,2,9.7865,31.067499999999995,RQZ1489
28.621,77.196,1,1,9.864,40.67999999999999,RQZ1490
28.621,77.198,2,2,9.717500000000001,31.412499999999994,RQZ1491
28.621,77.199,1,1,9.647,41.765,RQZ1492
28.621,77.202,1,1,9.857,40.715,RQZ1493
28.621,77.204,1,1,9.836,40.82,RQZ1494
28.621,77.205,2,1,9.8195,30.902500000000003,RQZ1495
28.621,77.208,1,1,9.934,40.330000000000005,RQZ1496
28.621,77.215,1,1,9.698,41.51,RQZ1497
28.621,77.216,1,1,9.791,41.045,RQZ1498
28.622,77.182,1,1,9.687,41.565000000000005,RQZ1499
28.622,77.186,1,1,9.873,40.635000000000005,RQZ1500
28.622,77.192,2,2,9.8045,30.977499999999992,RQZ1501
28.622,77.193,2,2,9.838000000000001,30.809999999999995,RQZ1502
28.622,77.195,1,1,9.769,41.155,RQZ1503
28.622,77.196,1,1,9.799,41.005,RQZ1504
28.622,77.2,1,1,9.894,40.53,RQZ1505
28.622,77.203,2,2,9.794,31.03,RQZ1506
28.622,77.205,1,1,9.957,40.214999999999996,RQZ1507
28.622,77.206,1,1,9.733,41.334999999999994,RQZ1508
28.622,77.207,1,1,9.809,40.955000000000005,RQZ1509
28.622,77.212,1,1,9.721,41.394999999999996,RQZ1510
28.622,77.216,1,1,9.803,40.985,RQZ1511
28.623,77.175,1,1,9.693,41.535000000000004,RQZ1512
28.623,77.18,2,2,9.8065,30.9675,RQZ1513
28.623,77.184,1,1,9.872,40.64,RQZ1514
28.623,77.191,2,2,9.801,30.994999999999997,RQZ1515
28.623,77.192,2,2,9.772,31.14,RQZ1516
28.623,77.193,1,1,9.773,41.135000000000005,RQZ1517
28.623,77.195,3,3,9.804,20.979999999999997,RQZ1518
28.623,77.196,1,1,9.685,41.574999999999996,RQZ1519
28.623,77.197,1,1,9.76,41.2,RQZ1520
28.623,77.198,1,1,9.824,40.88,RQZ1521
28.623,77.199,1,1,9.885,40.575,RQZ1522
28.623,77.2,1,1,9.819,40.904999999999994,RQZ1523
28.623,77.201,2,2,9.800999999999998,30.995000000000005,RQZ1524
28.623,77.202,1,1,9.82,40.9,RQZ1525
28.623,77.205,1,1,9.924,40.38,RQZ1526
28.623,77.214,1,1,9.857,40.715,RQZ1527
28.623,77.215,2,2,9.82,30.9,RQZ1528
28.623,77.217,1,1,9.735,41.325,RQZ1529
28.624,77.182,1,1,9.854,40.730000000000004,RQZ1530
28.624,77.183,1,1,9.861,40.69499999999999,RQZ1531
28.624,77.186,1,1,9.834,40.83,RQZ1532
28.624,77.19,1,1,9.836,40.82,RQZ1533
28.624,77.191,2,2,9.7555,31.222500000000004,RQZ1534
28.624,77.192,1,1,9.659,41.705,RQZ1535
28.624,77.193,2,2,9.871500000000001,30.6425,RQZ1536
28.624,77.195,1,1,9.628,41.86,RQZ1537
28.624,77.197,1,1,9.819,40.904999999999994,RQZ1538
28.624,77.198,1,1,9.803,40.985,RQZ1539
28.624,77.204,1,1,9.786,41.07,RQZ1540
28.624,77.206,1,1,9.744,41.28,RQZ1541
28.624,77.208,1,1,9.808,40.96,RQZ1542
28.624,77.209,1,1,9.8,41.0,RQZ1543
28.624,77.211,3,2,9.822333333333333,20.888333333333335,RQZ1544
28.624,77.216,1,1,9.874,40.629999999999995,RQZ1545
28.624,77.217,1,1,9.825,40.875,RQZ1546
28.625,77.18,1,1,9.727,41.364999999999995,RQZ1547
28.625,77.181,1,1,9.748,41.260000000000005,RQZ1548
28.625,77.187,1,1,9.809,40.955000000000005,RQZ1549
28.625,77.188,1,1,9.796,41.02,RQZ1550
28.625,77.19,1,1,9.613,41.935,RQZ1551
28.625,77.192,2,2,9.778500000000001,31.107499999999995,RQZ1552
28.625,77.194,1,1,9.796,41.02,RQZ1553
28.625,77.195,2,2,9.8445,30.777500000000003,RQZ1554
28.625,77.196,1,1,9.827,40.865,RQZ1555
28.625,77.198,1,1,9.725,41.375,RQZ1556
28.625,77.199,1,1,9.773,41.135000000000005,RQZ1557
28.625,77.201,1,1,9.904,40.480000000000004,RQZ1558
28.625,77.203,1,1,9.881,40.595,RQZ1559
28.625,77.209,1,1,9.699,41.505,RQZ1560
28.625,77.21,1,1,9.683,41.585,RQZ1561
28.625,77.211,1,1,9.676,41.62,RQZ1562
28.625,77.212,1,1,9.76,41.2,RQZ1563
28.625,77.215,2,1,9.811499999999999,30.94250000000001,RQZ1564
28.626,77.173,1,1,9.687,41.565000000000005,RQZ1565
28.626,77.175,1,1,9.802,40.99,RQZ1566
28.626,77.182,1,1,9.816,40.919999999999995,RQZ1567
28.626,77.186,1,1,9.811,40.945,RQZ1568
28.626,77.19,2,2,9.712499999999999,31.437500000000007,RQZ1569
28.626,77.192,2,1,9.787500000000001,31.062499999999993,RQZ1570
28.626,77.193,1,1,9.835,40.824999999999996,RQZ1571
28.626,77.195,1,1,9.592,42.04,RQZ1572
28.626,77.197,2,1,9.796,31.020000000000003,RQZ1573
28.626,77.199,1,1,9.751,41.245000000000005,RQZ1574
28.626,77.204,1,1,9.775,41.125,RQZ1575
28.626,77.205,1,1,9.831,40.845,RQZ1576
28.626,77.206,1,1,9.991,40.045,RQZ1577
28.626,77.212,2,2,9.817499999999999,30.91250000000001,RQZ1578
28.626,77.214,2,2,9.744499999999999,31.277500000000003,RQZ1579
28.626,77.218,1,1,9.834,40.83,RQZ1580
28.627,77.178,1,1,9.815,40.925000000000004,RQZ1581
28.627,77.18,2,1,9.807,30.964999999999996,RQZ1582
28.627,77.186,1,1,9.712,41.44,RQZ1583
28.627,77.193,3,2,9.845,20.775,RQZ1584
28.627,77.194,1,1,9.883,40.58500000000001,RQZ1585
28.627,77.195,1,1,9.783,41.085,RQZ1586
28.627,77.196,1,1,9.712,41.44,RQZ1587
28.627,77.198,2,1,9.754000000000001,31.22999999999999,RQZ1588
28.627,77.201,1,1,9.852,40.739999999999995,RQZ1589
28.627,77.202,2,2,9.802,30.990000000000002,RQZ1590
28.627,77.203,1,1,9.886,40.57000000000001,RQZ1591
28.627,77.206,1,1,9.869,40.655,RQZ1592
28.627,77.208,1,1,9.838,40.81,RQZ1593
28.627,77.21,1,1,9.853,40.735,RQZ1594
28.627,77.211,1,1,9.807,40.964999999999996,RQZ1595
28.627,77.215,2,2,9.8535,30.7325,RQZ1596
28.627,77.218,1,1,9.816,40.919999999999995,RQZ1597
28.627,77.228,1,1,9.89,40.55,RQZ1598
28.628,77.176,1,1,9.729,41.355000000000004,RQZ1599
28.628,77.181,1,1,9.719,41.405,RQZ1600
28.628,77.189,1,1,9.693,41.535000000000004,RQZ1601
28.628,77.19,1,1,9.888,40.56,RQZ1602
28.628,77.191,1,1,9.737,41.315,RQZ1603
28.628,77.193,2,2,9.792,31.04,RQZ1604
28.628,77.194,1,1,9.837,40.815,RQZ1605
28.628,77.195,2,1,9.779499999999999,31.102500000000006,RQZ1606
28.628,77.196,2,1,9.808,30.96,RQZ1607
28.628,77.203,1,1,9.673,41.635,RQZ1608
28.628,77.204,1,1,9.778,41.11,RQZ1609
28.628,77.206,2,1,9.788,31.060000000000002,RQZ1610
28.628,77.207,1,1,9.836,40.82,RQZ1611
28.628,77.21,2,2,9.777000000000001,31.114999999999995,RQZ1612
28.628,77.213,1,1,9.807,40.964999999999996,RQZ1613
28.628,77.215,2,2,9.783999999999999,31.080000000000005,RQZ1614
28.628,77.217,2,2,9.8975,30.512499999999996,RQZ1615
28.628,77.218,1,1,9.81,40.949999999999996,RQZ1616
28.629,77.182,1,1,9.705,41.475,RQZ1617
28.629,77.183,1,1,9.79,41.050000000000004,RQZ1618
28.629,77.185,1,1,9.647,41.765,RQZ1619
28.629,77.186,1,1,9.814,40.93,RQZ1620
28.629,77.187,1,1,9.661,41.695,RQZ1621
28.629,77.191,1,1,9.818,40.910000000000004,RQZ1622
28.629,77.192,2,2,9.765,31.174999999999997,RQZ1623
28.629,77.193,3,2,9.827333333333334,20.86333333333333,RQZ1624
28.629,77.194,1,1,9.772,41.14,RQZ1625
28.629,77.195,2,2,9.7245,31.377499999999998,RQZ1626
28.629,77.197,2,1,9.7585,31.207500000000003,RQZ1627
28.629,77.199,1,1,9.709,41.455,RQZ1628
28.629,77.2,2,2,9.744,31.28,RQZ1629
28.629,77.204,3,2,9.787999999999998,21.06000000000001,RQZ1630
28.629,77.217,1,1,9.872,40.64,RQZ1631
28.629,77.222,1,1,9.82,40.9,RQZ1632
28.629,77.223,1,1,9.761,41.19500000000001,RQZ1633
28.629,77.227,1,1,9.822,40.89,RQZ1634
28.629,77.236,1,1,9.941,40.294999999999995,RQZ1635
28.63,77.177,1,1,9.815,40.925000000000004,RQZ1636
28.63,77.186,1,1,9.729,41.355000000000004,RQZ1637
28.63,77.188,1,1,9.895,40.525000000000006,RQZ1638
28.63,77.192,1,1,9.85,40.75,RQZ1639
28.63,77.193,1,1,9.905,40.475,RQZ1640
28.63,77.195,1,1,9.845,40.775,RQZ1641
28.63,77.197,1,1,9.755,41.224999999999994,RQZ1642
28.63,77.199,2,1,9.753,31.235,RQZ1643
28.63,77.2,1,1,9.819,40.904999999999994,RQZ1644
28.63,77.202,2,2,9.837,30.814999999999998,RQZ1645
28.63,77.204,1,1,9.797,41.015,RQZ1646
28.63,77.205,2,1,9.8705,30.6475,RQZ1647
28.63,77.208,1,1,9.838,40.81,RQZ1648
28.63,77.212,1,1,9.674,41.63,RQZ1649
28.63,77.213,1,1,9.826,40.87,RQZ1650
28.63,77.219,1,1,9.848,40.76,RQZ1651
28.631,77.181,1,1,9.825,40.875,RQZ1652
28.631,77.183,1,1,9.794,41.03,RQZ1653
28.631,77.187,1,1,9.909,40.455,RQZ1654
28.631,77.196,1,1,9.794,41.03,RQZ1655
28.631,77.197,2,2,9.814499999999999,30.92750000000001,RQZ1656
28.631,77.198,1,1,9.833,40.835,RQZ1657
28.631,77.199,2,1,9.757,31.215000000000003,RQZ1658
28.631,77.203,1,1,9.983,40.084999999999994,RQZ1659
28.631,77.208,1,1,9.86,40.7,RQZ1660
28.631,77.212,1,1,9.764,41.18000000000001,RQZ1661
28.631,77.218,1,1,9.833,40.835,RQZ1662
28.631,77.235,1,1,9.811,40.945,RQZ1663
28.631,77.238,1,1,9.828,40.86,RQZ1664
28.632,77.175,1,1,9.79,41.050000000000004,RQZ1665
28.632,77.186,1,1,9.8,41.0,RQZ1666
28.632,77.189,1,1,9.827,40.865,RQZ1667
28.632,77.192,2,1,9.7975,31.012500000000003,RQZ1668
28.632,77.196,2,2,9.7995,31.002499999999998,RQZ1669
28.632,77.202,1,1,9.725,41.375,RQZ1670
28.632,77.209,1,1,9.998,40.010000000000005,RQZ1671
28.632,77.21,1,1,9.689,41.555,RQZ1672
28.632,77.217,1,1,9.926,40.37,RQZ1673
28.632,77.229,2,1,9.812,30.940000000000005,RQZ1674
28.632,77.233,1,1,9.99,40.05,RQZ1675
28.633,77.18,1,1,9.982,40.09,RQZ1676
28.633,77.183,1,1,9.926,40.37,RQZ1677
28.633,77.186,1,1,9.779,41.105000000000004,RQZ1678
28.633,77.192,1,1,9.867,40.66499999999999,RQZ1679
28.633,77.195,2,2,9.732,31.340000000000003,RQZ1680
28.633,77.196,1,1,9.826,40.87,RQZ1681
28.633,77.198,1,1,9.788,41.06,RQZ1682
28.633,77.199,1,1,9.797,41.015,RQZ1683
28.633,77.203,1,1,9.778,41.11,RQZ1684
28.633,77.208,1,1,9.747,41.265,RQZ1685
28.633,77.212,1,1,9.84,40.8,RQZ1686
28.633,77.218,1,1,9.928,40.36,RQZ1687
28.633,77.236,2,1,9.900500000000001,30.497499999999995,RQZ1688
28.634,77.183,1,1,9.918,40.410000000000004,RQZ1689
28.634,77.186,1,1,9.862,40.69,RQZ1690
28.634,77.189,1,1,9.782,41.09,RQZ1691
28.634,77.195,2,2,9.773,31.135000000000005,RQZ1692
28.634,77.197,1,1,9.833,40.835,RQZ1693
28.634,77.198,1,1,9.854,40.730000000000004,RQZ1694
28.634,77.199,2,2,9.7485,31.2575,RQZ1695
28.634,77.201,1,1,9.841,40.795,RQZ1696
28.634,77.204,1,1,9.846,40.769999999999996,RQZ1697
28.634,77.209,1,1,9.83,40.85,RQZ1698
28.634,77.228,1,1,9.735,41.325,RQZ1699
28.635,77.174,1,1,9.888,40.56,RQZ1700
28.635,77.175,1,1,9.771,41.144999999999996,RQZ1701
28.635,77.181,1,1,9.845,40.775,RQZ1702
28.635,77.185,1,1,9.778,41.11,RQZ1703
28.635,77.186,1,1,9.736,41.31999999999999,RQZ1704
28.635,77.19,1,1,9.694,41.529999999999994,RQZ1705
28.635,77.192,1,1,9.708,41.46,RQZ1706
28.635,77.195,2,2,9.69,31.550000000000004,RQZ1707
28.635,77.201,1,1,9.782,41.09,RQZ1708
28.635,77.202,1,1,9.841,40.795,RQZ1709
28.635,77.208,1,1,9.843,40.785,RQZ1710
28.635,77.211,1,1,9.819,40.904999999999994,RQZ1711
28.635,77.218,1,1,9.806,40.970000000000006,RQZ1712
28.635,77.221,1,1,9.952,40.24,RQZ1713
28.635,77.222,1,1,9.882,40.59,RQZ1714
28.635,77.224,1,1,9.922,40.39,RQZ1715
28.635,77.226,1,1,9.986,40.06999999999999,RQZ1716
28.635,77.229,1,1,9.901,40.495000000000005,RQZ1717
28.636,77.189,1,1,9.782,41.09,RQZ1718
28.636,77.193,1,1,9.854,40.730000000000004,RQZ1719
28.636,77.195,1,1,9.788,41.06,RQZ1720
28.636,77.2,1,1,9.691,41.544999999999995,RQZ1721
28.636,77.204,1,1,9.747,41.265,RQZ1722
28.636,77.21,1,1,9.883,40.58500000000001,RQZ1723
28.636,77.215,1,1,9.796,41.02,RQZ1724
28.636,77.216,1,1,9.878,40.61,RQZ1725
28.636,77.232,1,1,9.883,40.58500000000001,RQZ1726
28.636,77.234,1,1,9.931,40.345000000000006,RQZ1727
28.637,77.178,1,1,9.886,40.57000000000001,RQZ1728
28.637,77.179,1,1,9.679,41.605,RQZ1729
28.637,77.189,1,1,9.758,41.21000000000001,RQZ1730
28.637,77.193,1,1,9.749,41.254999999999995,RQZ1731
28.637,77.196,1,1,9.796,41.02,RQZ1732
28.637,77.198,1,1,9.809,40.955000000000005,RQZ1733
28.637,77.199,1,1,9.674,41.63,RQZ1734
28.637,77.201,1,1,9.828,40.86,RQZ1735
28.637,77.206,1,1,9.866,40.67,RQZ1736
28.637,77.209,1,1,9.835,40.824999999999996,RQZ1737
28.637,77.22,1,1,9.882,40.59,RQZ1738
28.637,77.232,1,1,9.926,40.37,RQZ1739
28.637,77.234,1,1,9.92,40.4,RQZ1740
28.638,77.178,1,1,9.753,41.235,RQZ1741
28.638,77.184,1,1,9.827,40.865,RQZ1742
28.638,77.185,1,1,9.832,40.839999999999996,RQZ1743
28.638,77.195,1,1,9.835,40.824999999999996,RQZ1744
28.638,77.198,1,1,9.731,41.345,RQZ1745
28.638,77.208,1,1,9.952,40.24,RQZ1746
28.638,77.21,2,1,9.8415,30.792500000000004,RQZ1747
28.638,77.212,1,1,9.799,41.005,RQZ1748
28.638,77.214,1,1,9.794,41.03,RQZ1749
28.638,77.234,1,1,9.964,40.18,RQZ1750
28.638,77.235,1,1,9.739,41.30499999999999,RQZ1751
28.639,77.174,1,1,9.735,41.325,RQZ1752
28.639,77.19,2,1,9.767,31.165000000000006,RQZ1753
28.639,77.194,1,1,9.821,40.895,RQZ1754
28.639,77.196,1,1,9.858,40.709999999999994,RQZ1755
28.639,77.197,1,1,9.836,40.82,RQZ1756
28.639,77.198,1,1,9.819,40.904999999999994,RQZ1757
28.639,77.207,1,1,9.738,41.31,RQZ1758
28.639,77.208,1,1,9.732,41.34,RQZ1759
28.639,77.21,1,1,9.722,41.39,RQZ1760
28.639,77.217,1,1,9.899,40.505,RQZ1761
28.639,77.225,1,1,9.905,40.475,RQZ1762
28.639,77.226,1,1,9.883,40.58500000000001,RQZ1763
28.639,77.234,1,1,9.909,40.455,RQZ1764
28.639,77.238,1,1,9.854,40.730000000000004,RQZ1765
28.64,77.199,1,1,9.857,40.715,RQZ1766
28.64,77.214,1,1,9.835,40.824999999999996,RQZ1767
28.64,77.215,1,1,9.918,40.410000000000004,RQZ1768
28.64,77.222,1,1,9.98,40.099999999999994,RQZ1769
28.64,77.235,1,1,9.911,40.445,RQZ1770
28.641,77.183,1,1,9.85,40.75,RQZ1771
28.641,77.187,1,1,9.771,41.144999999999996,RQZ1772
28.641,77.221,1,1,10.025,39.875,RQZ1773
28.641,77.226,1,1,9.809,40.955000000000005,RQZ1774
28.641,77.227,1,1,9.886,40.57000000000001,RQZ1775
28.641,77.228,1,1,9.941,40.294999999999995,RQZ1776
28.641,77.231,1,1,9.786,41.07,RQZ1777
28.641,77.232,2,1,9.907499999999999,30.462500000000006,RQZ1778
28.642,77.177,1,1,9.905,40.475,RQZ1779
28.642,77.196,1,1,9.815,40.925000000000004,RQZ1780
28.642,77.217,1,1,9.883,40.58500000000001,RQZ1781
28.642,77.219,1,1,9.825,40.875,RQZ1782
28.642,77.229,1,1,9.88,40.599999999999994,RQZ1783
28.642,77.23,1,1,9.755,41.224999999999994,RQZ1784
28.643,77.192,1,1,9.632,41.84,RQZ1785
28.643,77.219,1,1,9.944,40.279999999999994,RQZ1786
28.643,77.226,1,1,9.958,40.21,RQZ1787
28.643,77.236,1,1,9.884,40.58,RQZ1788
28.644,77.173,1,1,9.666,41.67,RQZ1789
28.644,77.179,1,1,9.671,41.645,RQZ1790
28.644,77.218,1,1,9.936,40.32,RQZ1791
28.644,77.238,1,1,9.777,41.115,RQZ1792
28.644,77.24,1,1,9.763,41.185,RQZ1793
28.645,77.175,1,1,9.844,40.78,RQZ1794
28.645,77.186,1,1,9.828,40.86,RQZ1795
28.645,77.19,1,1,9.757,41.215,RQZ1796
28.645,77.197,1,1,9.689,41.555,RQZ1797
28.645,77.216,1,1,10.055,39.725,RQZ1798
28.645,77.222,2,1,9.748000000000001,31.25999999999999,RQZ1799
28.645,77.223,1,1,9.824,40.88,RQZ1800
28.645,77.225,1,1,9.907,40.465,RQZ1801
28.645,77.227,1,1,9.921,40.395,RQZ1802
28.645,77.235,1,1,9.907,40.465,RQZ1803
28.646,77.188,1,1,9.621,41.894999999999996,RQZ1804
28.646,77.219,1,1,9.849,40.754999999999995,RQZ1805
28.646,77.231,2,1,9.8935,30.5325,RQZ1806
28.646,77.232,1,1,9.951,40.245,RQZ1807
28.646,77.233,1,1,9.825,40.875,RQZ1808
28.646,77.236,1,1,9.871,40.644999999999996,RQZ1809
28.646,77.237,1,1,9.892,40.540000000000006,RQZ1810
28.647,77.185,1,1,9.778,41.11,RQZ1811
28.648,77.174,1,1,9.941,40.294999999999995,RQZ1812
28.648,77.18,1,1,9.737,41.315,RQZ1813
28.648,77.184,1,1,9.755,41.224999999999994,RQZ1814
28.648,77.194,1,1,9.784,41.08,RQZ1815
28.648,77.197,1,1,9.935,40.324999999999996,RQZ1816
28.648,77.199,1,1,9.824,40.88,RQZ1817
28.648,77.219,1,1,9.68,41.6,RQZ1818
28.649,77.184,1,1,9.933,40.335,RQZ1819
28.649,77.193,1,1,9.772,41.14,RQZ1820
28.649,77.198,1,1,9.726,41.37,RQZ1821
28.649,77.221,1,1,9.998,40.010000000000005,RQZ1822
28.649,77.222,2,1,9.825,30.875,RQZ1823
28.649,77.228,1,1,9.915,40.425000000000004,RQZ1824
28.649,77.239,1,1,9.876,40.620000000000005,RQZ1825
28.65,77.226,1,1,9.774,41.13,RQZ1826
28.65,77.238,1,1,9.861,40.69499999999999,RQZ1827
28.651,77.213,1,1,9.693,41.535000000000004,RQZ1828
28.651,77.214,1,1,9.823,40.885,RQZ1829
28.651,77.225,1,1,9.934,40.330000000000005,RQZ1830
28.651,77.228,1,1,10.053,39.735,RQZ1831
28.651,77.235,1,1,9.85,40.75,RQZ1832
28.654,77.218,1,1,9.915,40.425000000000004,RQZ1833
28.654,77.229,1,1,9.828,40.86,RQZ1834
28.654,77.236,1,1,9.772,41.14,RQZ1835
